gene,growth,ratio,classification,model,wt_growth
Q0045,0.020734920615458306,0.24672021642058115,growth_reduced,Yeast9_base,0.084042
Q0080,0.034180618095546886,0.4067075852528487,growth_reduced,Yeast9_base,0.084042
Q0085,0.0341806180955469,0.4067075852528489,growth_reduced,Yeast9_base,0.084042
Q0105,0.024371219272819867,0.2899877267405999,growth_reduced,Yeast9_base,0.084042
Q0130,0.034180618095547045,0.4067075852528506,growth_reduced,Yeast9_base,0.084042
Q0250,0.020734920615561418,0.24672021642180805,growth_reduced,Yeast9_base,0.084042
Q0275,0.02073492061545736,0.24672021642056988,growth_reduced,Yeast9_base,0.084042
YAL012W,0.0,0.0,essential,Yeast9_base,0.084042
YAL022C,0.0840422327570291,0.9999998668345405,neutral,Yeast9_base,0.084042
YAL023C,0.08404223275702494,0.9999998668344908,neutral,Yeast9_base,0.084042
YAL026C,0.08404223275702488,0.9999998668344902,neutral,Yeast9_base,0.084042
YAL035W,0.08404223275702472,0.9999998668344883,neutral,Yeast9_base,0.084042
YAL038W,0.08404223275702472,0.9999998668344883,neutral,Yeast9_base,0.084042
YAL039C,0.08404223275702472,0.9999998668344883,neutral,Yeast9_base,0.084042
YAL044C,0.08404223275702472,0.9999998668344883,neutral,Yeast9_base,0.084042
YAL054C,0.08404223275702472,0.9999998668344883,neutral,Yeast9_base,0.084042
YAL060W,0.08404223275702472,0.9999998668344883,neutral,Yeast9_base,0.084042
YAL061W,0.08404223275702472,0.9999998668344883,neutral,Yeast9_base,0.084042
YAL062W,0.08404223275702472,0.9999998668344883,neutral,Yeast9_base,0.084042
YAR015W,0.0,0.0,essential,Yeast9_base,0.084042
YAR035W,0.08404225581836042,1.0000001412362012,neutral,Yeast9_base,0.084042
YAR071W,0.08404225581836029,1.0000001412361996,neutral,Yeast9_base,0.084042
YBL011W,0.08404225581836029,1.0000001412361996,neutral,Yeast9_base,0.084042
YBL013W,0.08404225581836029,1.0000001412361996,neutral,Yeast9_base,0.084042
YBL015W,0.08365652051190231,0.9954103624733419,neutral,Yeast9_base,0.084042
YBL030C,0.08404225581835939,1.000000141236189,neutral,Yeast9_base,0.084042
YBL033C,0.0,0.0,essential,Yeast9_base,0.084042
YBL039C,0.08404225581835958,1.0000001412361912,neutral,Yeast9_base,0.084042
YBL042C,0.08404225581835979,1.0000001412361939,neutral,Yeast9_base,0.084042
YBL045C,0.024371219272820172,0.2899877267406036,growth_reduced,Yeast9_base,0.084042
YBL064C,0.08404223275702531,0.9999998668344954,neutral,Yeast9_base,0.084042
YBL068W,0.08404223275702463,0.9999998668344873,neutral,Yeast9_base,0.084042
YBL076C,0.0,0.0,essential,Yeast9_base,0.084042
YBL080C,0.08404223275702552,0.9999998668344978,neutral,Yeast9_base,0.084042
YBL091C,0.0840422327570254,0.9999998668344963,neutral,Yeast9_base,0.084042
YBL098W,1.1035789238747026e-13,1.3131240576468468e-12,essential,Yeast9_base,0.084042
YBL099W,0.0341806180955468,0.4067075852528477,growth_reduced,Yeast9_base,0.084042
YBR001C,0.08404225581836045,1.0000001412362016,neutral,Yeast9_base,0.084042
YBR002C,0.0840422558183597,1.0000001412361925,neutral,Yeast9_base,0.084042
YBR003W,0.0840422558183597,1.0000001412361925,neutral,Yeast9_base,0.084042
YBR004C,0.0840422558183597,1.0000001412361925,neutral,Yeast9_base,0.084042
YBR006W,0.0840422558183597,1.0000001412361925,neutral,Yeast9_base,0.084042
YBR011C,0.0840422558183597,1.0000001412361925,neutral,Yeast9_base,0.084042
YBR018C,0.0840422558183597,1.0000001412361925,neutral,Yeast9_base,0.084042
YBR019C,0.0840422558183597,1.0000001412361925,neutral,Yeast9_base,0.084042
YBR020W,0.0840422558183597,1.0000001412361925,neutral,Yeast9_base,0.084042
YBR021W,0.0840422558183597,1.0000001412361925,neutral,Yeast9_base,0.084042
YBR022W,0.0840422558183597,1.0000001412361925,neutral,Yeast9_base,0.084042
YBR023C,0.0840422558183597,1.0000001412361925,neutral,Yeast9_base,0.084042
YBR026C,0.0840422558183597,1.0000001412361925,neutral,Yeast9_base,0.084042
YBR029C,0.0,0.0,essential,Yeast9_base,0.084042
YBR034C,0.0840422558183605,1.0000001412362023,neutral,Yeast9_base,0.084042
YBR035C,0.08404225581835988,1.0000001412361947,neutral,Yeast9_base,0.084042
YBR036C,0.08404225581835988,1.0000001412361947,neutral,Yeast9_base,0.084042
YBR038W,0.08404225581835988,1.0000001412361947,neutral,Yeast9_base,0.084042
YBR039W,0.0341806176663823,0.4067075801463146,growth_reduced,Yeast9_base,0.084042
YBR041W,0.08404225581836373,1.0000001412362407,neutral,Yeast9_base,0.084042
YBR042C,0.08404225581835945,1.0000001412361896,neutral,Yeast9_base,0.084042
YBR046C,0.08404225581835945,1.0000001412361896,neutral,Yeast9_base,0.084042
YBR058C-A,0.08404225581835945,1.0000001412361896,neutral,Yeast9_base,0.084042
YBR068C,0.08404225581835945,1.0000001412361896,neutral,Yeast9_base,0.084042
YBR069C,0.08404225581835945,1.0000001412361896,neutral,Yeast9_base,0.084042
YBR070C,0.08404225581835945,1.0000001412361896,neutral,Yeast9_base,0.084042
YBR084W,0.08404225581835945,1.0000001412361896,neutral,Yeast9_base,0.084042
YBR085W,0.08404225581835945,1.0000001412361896,neutral,Yeast9_base,0.084042
YBR092C,0.08404225581835945,1.0000001412361896,neutral,Yeast9_base,0.084042
YBR093C,0.08404225581835945,1.0000001412361896,neutral,Yeast9_base,0.084042
YBR097W,0.08404225581835945,1.0000001412361896,neutral,Yeast9_base,0.084042
YBR110W,0.08404225581835945,1.0000001412361896,neutral,Yeast9_base,0.084042
YBR111C,0.08404225581835945,1.0000001412361896,neutral,Yeast9_base,0.084042
YBR115C,0.0,0.0,essential,Yeast9_base,0.084042
YBR117C,0.08404225581835952,1.0000001412361905,neutral,Yeast9_base,0.084042
YBR121C,0.08404225581836032,1.0000001412362,neutral,Yeast9_base,0.084042
YBR126C,0.0,0.0,essential,Yeast9_base,0.084042
YBR127C,0.08404225581835974,1.0000001412361932,neutral,Yeast9_base,0.084042
YBR128C,0.0840422558183607,1.0000001412362045,neutral,Yeast9_base,0.084042
YBR132C,0.0840422558183607,1.0000001412362045,neutral,Yeast9_base,0.084042
YBR145W,0.0840422558183607,1.0000001412362045,neutral,Yeast9_base,0.084042
YBR147W,0.0840422558183607,1.0000001412362045,neutral,Yeast9_base,0.084042
YBR149W,0.0840422558183607,1.0000001412362045,neutral,Yeast9_base,0.084042
YBR153W,0.0,0.0,essential,Yeast9_base,0.084042
YBR159W,0.08404225581836025,1.0000001412361992,neutral,Yeast9_base,0.084042
YBR161W,0.08404225581836004,1.0000001412361967,neutral,Yeast9_base,0.084042
YBR166C,0.0,0.0,essential,Yeast9_base,0.084042
YBR176W,0.0,0.0,essential,Yeast9_base,0.084042
YBR177C,0.08404223275702458,0.9999998668344866,neutral,Yeast9_base,0.084042
YBR180W,0.08404223275702445,0.999999866834485,neutral,Yeast9_base,0.084042
YBR183W,0.08404223275702445,0.999999866834485,neutral,Yeast9_base,0.084042
YBR192W,0.08404223275702445,0.999999866834485,neutral,Yeast9_base,0.084042
YBR196C,0.08404225581836015,1.000000141236198,neutral,Yeast9_base,0.084042
YBR199W,0.08404225581836339,1.0000001412362365,neutral,Yeast9_base,0.084042
YBR204C,0.08404225581836339,1.0000001412362365,neutral,Yeast9_base,0.084042
YBR205W,0.08404225581836339,1.0000001412362365,neutral,Yeast9_base,0.084042
YBR208C,0.08404225581836339,1.0000001412362365,neutral,Yeast9_base,0.084042
YBR213W,0.08404225581836339,1.0000001412362365,neutral,Yeast9_base,0.084042
YBR218C,0.08404225581836339,1.0000001412362365,neutral,Yeast9_base,0.084042
YBR221C,0.07955668364999273,0.9466273139814512,neutral,Yeast9_base,0.084042
YBR222C,0.08404225581836147,1.0000001412362138,neutral,Yeast9_base,0.084042
YBR229C,0.08404225581836017,1.0000001412361983,neutral,Yeast9_base,0.084042
YBR235W,0.08404225581836017,1.0000001412361983,neutral,Yeast9_base,0.084042
YBR241C,0.08404225581836017,1.0000001412361983,neutral,Yeast9_base,0.084042
YBR242W,0.08404225581836017,1.0000001412361983,neutral,Yeast9_base,0.084042
YBR243C,0.08404225581836017,1.0000001412361983,neutral,Yeast9_base,0.084042
YBR244W,0.08404225581836017,1.0000001412361983,neutral,Yeast9_base,0.084042
YBR248C,0.0,0.0,essential,Yeast9_base,0.084042
YBR249C,0.08404223275702642,0.9999998668345086,neutral,Yeast9_base,0.084042
YBR252W,0.08404223275702559,0.9999998668344986,neutral,Yeast9_base,0.084042
YBR256C,0.0,0.0,essential,Yeast9_base,0.084042
YBR263W,0.0,0.0,essential,Yeast9_base,0.084042
YBR265W,0.08404223275702555,0.9999998668344982,neutral,Yeast9_base,0.084042
YBR281C,0.08404223275702458,0.9999998668344866,neutral,Yeast9_base,0.084042
YBR291C,0.08385357420058226,0.9977550605611343,neutral,Yeast9_base,0.084042
YBR293W,0.08404223275702552,0.9999998668344978,neutral,Yeast9_base,0.084042
YBR294W,0.08404223275702458,0.9999998668344866,neutral,Yeast9_base,0.084042
YBR295W,0.08404223275702458,0.9999998668344866,neutral,Yeast9_base,0.084042
YBR296C,0.08404223275702458,0.9999998668344866,neutral,Yeast9_base,0.084042
YBR298C,0.08404223275702458,0.9999998668344866,neutral,Yeast9_base,0.084042
YBR299W,0.08404223275702458,0.9999998668344866,neutral,Yeast9_base,0.084042
YCL004W,0.08404223275702458,0.9999998668344866,neutral,Yeast9_base,0.084042
YCL005W-A,0.08404223275702458,0.9999998668344866,neutral,Yeast9_base,0.084042
YCL009C,0.08404223275702458,0.9999998668344866,neutral,Yeast9_base,0.084042
YCL018W,0.0,0.0,essential,Yeast9_base,0.084042
YCL025C,0.08404223275702527,0.9999998668344948,neutral,Yeast9_base,0.084042
YCL030C,0.0,0.0,essential,Yeast9_base,0.084042
YCL035C,0.08404223275702484,0.9999998668344897,neutral,Yeast9_base,0.084042
YCL038C,0.08404223275702584,0.9999998668345016,neutral,Yeast9_base,0.084042
YCL040W,0.08404223275702584,0.9999998668345016,neutral,Yeast9_base,0.084042
YCL047C,0.08404223275702584,0.9999998668345016,neutral,Yeast9_base,0.084042
YCL050C,0.08404223275702584,0.9999998668345016,neutral,Yeast9_base,0.084042
YCL052C,0.08404223275702584,0.9999998668345016,neutral,Yeast9_base,0.084042
YCL064C,0.08404223275702584,0.9999998668345016,neutral,Yeast9_base,0.084042
YCL069W,0.08404223275702584,0.9999998668345016,neutral,Yeast9_base,0.084042
YCR005C,0.08404223275702584,0.9999998668345016,neutral,Yeast9_base,0.084042
YCR010C,0.08404223275702584,0.9999998668345016,neutral,Yeast9_base,0.084042
YCR011C,0.08404223275702584,0.9999998668345016,neutral,Yeast9_base,0.084042
YCR012W,0.05466504457292295,0.6504472275441195,neutral,Yeast9_base,0.084042
YCR024C,0.08404225581836224,1.000000141236223,neutral,Yeast9_base,0.084042
YCR024C-A,0.0840422558183602,1.0000001412361985,neutral,Yeast9_base,0.084042
YCR028C,0.0840422558183602,1.0000001412361985,neutral,Yeast9_base,0.084042
YCR034W,0.0840422558183602,1.0000001412361985,neutral,Yeast9_base,0.084042
YCR036W,0.0840422558183602,1.0000001412361985,neutral,Yeast9_base,0.084042
YCR037C,0.0840422558183602,1.0000001412361985,neutral,Yeast9_base,0.084042
YCR048W,0.0840422558183602,1.0000001412361985,neutral,Yeast9_base,0.084042
YCR053W,0.0,0.0,essential,Yeast9_base,0.084042
YCR068W,0.08404223275702649,0.9999998668345094,neutral,Yeast9_base,0.084042
YCR075C,0.08404223275702614,0.9999998668345053,neutral,Yeast9_base,0.084042
YCR083W,0.08404223275702614,0.9999998668345053,neutral,Yeast9_base,0.084042
YCR098C,0.08404223275702614,0.9999998668345053,neutral,Yeast9_base,0.084042
YCR105W,0.08404223275702614,0.9999998668345053,neutral,Yeast9_base,0.084042
YCR107W,0.08404223275702614,0.9999998668345053,neutral,Yeast9_base,0.084042
YDL004W,0.03418060779530628,0.4067074626925728,growth_reduced,Yeast9_base,0.084042
YDL015C,0.0840422327570241,0.9999998668344809,neutral,Yeast9_base,0.084042
YDL022W,0.08404223275702506,0.9999998668344924,neutral,Yeast9_base,0.084042
YDL024C,0.08404222427859676,0.9999997659515565,neutral,Yeast9_base,0.084042
YDL040C,0.08404223275702513,0.9999998668344932,neutral,Yeast9_base,0.084042
YDL042C,0.08404223275702506,0.9999998668344924,neutral,Yeast9_base,0.084042
YDL045C,0.0,0.0,essential,Yeast9_base,0.084042
YDL052C,0.0840422327570241,0.9999998668344809,neutral,Yeast9_base,0.084042
YDL055C,0.0,0.0,essential,Yeast9_base,0.084042
YDL066W,0.08377102767300837,0.9967728577581675,neutral,Yeast9_base,0.084042
YDL067C,0.020734920417025512,0.24672021405947336,growth_reduced,Yeast9_base,0.084042
YDL078C,0.08404225581836042,1.0000001412362012,neutral,Yeast9_base,0.084042
YDL080C,0.08404225581836142,1.0000001412362132,neutral,Yeast9_base,0.084042
YDL085W,0.08404225581836142,1.0000001412362132,neutral,Yeast9_base,0.084042
YDL090C,0.08404225581836142,1.0000001412362132,neutral,Yeast9_base,0.084042
YDL093W,0.08404225581836142,1.0000001412362132,neutral,Yeast9_base,0.084042
YDL095W,0.08404225581836142,1.0000001412362132,neutral,Yeast9_base,0.084042
YDL100C,0.08404223790060729,0.9999999280368352,neutral,Yeast9_base,0.084042
YDL103C,0.0,0.0,essential,Yeast9_base,0.084042
YDL120W,0.08404225581836038,1.0000001412362007,neutral,Yeast9_base,0.084042
YDL131W,0.08404225581836001,1.0000001412361965,neutral,Yeast9_base,0.084042
YDL141W,0.0,0.0,essential,Yeast9_base,0.084042
YDL142C,0.08404225581836054,1.0000001412362027,neutral,Yeast9_base,0.084042
YDL166C,0.08403716906593924,0.9999396150986043,neutral,Yeast9_base,0.084042
YDL168W,0.08404225581836085,1.0000001412362063,neutral,Yeast9_base,0.084042
YDL171C,0.08404225581836045,1.0000001412362016,neutral,Yeast9_base,0.084042
YDL174C,0.08404225581836045,1.0000001412362016,neutral,Yeast9_base,0.084042
YDL178W,0.08404225581836045,1.0000001412362016,neutral,Yeast9_base,0.084042
YDL182W,0.08404225581836045,1.0000001412362016,neutral,Yeast9_base,0.084042
YDL185W,0.08404225581836045,1.0000001412362016,neutral,Yeast9_base,0.084042
YDL198C,0.08404225581836045,1.0000001412362016,neutral,Yeast9_base,0.084042
YDL205C,0.0,0.0,essential,Yeast9_base,0.084042
YDL210W,0.08404223275702515,0.9999998668344934,neutral,Yeast9_base,0.084042
YDL215C,0.08404223275702546,0.9999998668344972,neutral,Yeast9_base,0.084042
YDL219W,0.08404223275702546,0.9999998668344972,neutral,Yeast9_base,0.084042
YDL236W,0.08404223275702546,0.9999998668344972,neutral,Yeast9_base,0.084042
YDL238C,0.08404223275702546,0.9999998668344972,neutral,Yeast9_base,0.084042
YDL243C,0.08404223275702546,0.9999998668344972,neutral,Yeast9_base,0.084042
YDL245C,0.08404223275702546,0.9999998668344972,neutral,Yeast9_base,0.084042
YDL246C,0.08404223275702546,0.9999998668344972,neutral,Yeast9_base,0.084042
YDL247W,0.08404223275702546,0.9999998668344972,neutral,Yeast9_base,0.084042
YDR001C,0.08404223275702546,0.9999998668344972,neutral,Yeast9_base,0.084042
YDR007W,1.1858688610577008e-14,1.4110390267347407e-13,essential,Yeast9_base,0.084042
YDR009W,0.08404223275702451,0.9999998668344857,neutral,Yeast9_base,0.084042
YDR017C,0.08404223275702685,0.9999998668345137,neutral,Yeast9_base,0.084042
YDR019C,0.08404223275702685,0.9999998668345137,neutral,Yeast9_base,0.084042
YDR020C,0.08404223275702685,0.9999998668345137,neutral,Yeast9_base,0.084042
YDR023W,0.08404223275702685,0.9999998668345137,neutral,Yeast9_base,0.084042
YDR035W,0.08404223275702685,0.9999998668345137,neutral,Yeast9_base,0.084042
YDR036C,0.08404223275702685,0.9999998668345137,neutral,Yeast9_base,0.084042
YDR037W,0.0,0.0,essential,Yeast9_base,0.084042
YDR038C,0.08404223275702544,0.9999998668344968,neutral,Yeast9_base,0.084042
YDR039C,0.08404223275702544,0.9999998668344968,neutral,Yeast9_base,0.084042
YDR040C,0.08404223275702544,0.9999998668344968,neutral,Yeast9_base,0.084042
YDR044W,0.0,0.0,essential,Yeast9_base,0.084042
YDR046C,0.08404225581835996,1.0000001412361958,neutral,Yeast9_base,0.084042
YDR047W,0.0,0.0,essential,Yeast9_base,0.084042
YDR050C,0.07238882697046076,0.8613385789029374,neutral,Yeast9_base,0.084042
YDR058C,0.08404225581836021,1.0000001412361987,neutral,Yeast9_base,0.084042
YDR062W,0.08404225581835988,1.0000001412361947,neutral,Yeast9_base,0.084042
YDR071C,0.08404225581835988,1.0000001412361947,neutral,Yeast9_base,0.084042
YDR072C,0.08404225581835988,1.0000001412361947,neutral,Yeast9_base,0.084042
YDR074W,0.0,0.0,essential,Yeast9_base,0.084042
YDR093W,0.0840422558183592,1.0000001412361867,neutral,Yeast9_base,0.084042
YDR098C,0.08404225581835939,1.000000141236189,neutral,Yeast9_base,0.084042
YDR105C,0.08404225581835939,1.000000141236189,neutral,Yeast9_base,0.084042
YDR109C,0.08404225581835939,1.000000141236189,neutral,Yeast9_base,0.084042
YDR111C,0.08404225581835939,1.000000141236189,neutral,Yeast9_base,0.084042
YDR127W,0.0,0.0,essential,Yeast9_base,0.084042
YDR135C,0.08404225581836026,1.0000001412361994,neutral,Yeast9_base,0.084042
YDR147W,0.08404225581836025,1.0000001412361992,neutral,Yeast9_base,0.084042
YDR148C,0.08404225581835997,1.0000001412361958,neutral,Yeast9_base,0.084042
YDR158W,0.0,0.0,essential,Yeast9_base,0.084042
YDR173C,0.08404223275702445,0.999999866834485,neutral,Yeast9_base,0.084042
YDR178W,0.08404223275702476,0.9999998668344887,neutral,Yeast9_base,0.084042
YDR191W,0.08404223275702476,0.9999998668344887,neutral,Yeast9_base,0.084042
YDR196C,0.0,0.0,essential,Yeast9_base,0.084042
YDR204W,0.08404223275702463,0.9999998668344873,neutral,Yeast9_base,0.084042
YDR208W,0.08404223275702455,0.9999998668344863,neutral,Yeast9_base,0.084042
YDR226W,0.08404223275702455,0.9999998668344863,neutral,Yeast9_base,0.084042
YDR231C,0.08404223275702455,0.9999998668344863,neutral,Yeast9_base,0.084042
YDR232W,0.0,0.0,essential,Yeast9_base,0.084042
YDR234W,0.0,0.0,essential,Yeast9_base,0.084042
YDR236C,0.08404223275702455,0.9999998668344863,neutral,Yeast9_base,0.084042
YDR242W,0.08404223275702545,0.9999998668344969,neutral,Yeast9_base,0.084042
YDR248C,0.08404223275702545,0.9999998668344969,neutral,Yeast9_base,0.084042
YDR256C,0.08404223275702545,0.9999998668344969,neutral,Yeast9_base,0.084042
YDR261C,0.08404223275702545,0.9999998668344969,neutral,Yeast9_base,0.084042
YDR268W,0.08404223275702545,0.9999998668344969,neutral,Yeast9_base,0.084042
YDR270W,0.08404223275702545,0.9999998668344969,neutral,Yeast9_base,0.084042
YDR272W,0.08404223275702545,0.9999998668344969,neutral,Yeast9_base,0.084042
YDR284C,0.08404223275702545,0.9999998668344969,neutral,Yeast9_base,0.084042
YDR287W,0.08404223275702545,0.9999998668344969,neutral,Yeast9_base,0.084042
YDR294C,0.08404223275702545,0.9999998668344969,neutral,Yeast9_base,0.084042
YDR297W,0.08404223275702545,0.9999998668344969,neutral,Yeast9_base,0.084042
YDR298C,0.03418061809554704,0.40670758525285056,growth_reduced,Yeast9_base,0.084042
YDR300C,0.08404225581836032,1.0000001412362,neutral,Yeast9_base,0.084042
YDR302W,0.08404225581835952,1.0000001412361905,neutral,Yeast9_base,0.084042
YDR305C,0.08404225581835952,1.0000001412361905,neutral,Yeast9_base,0.084042
YDR315C,0.08404225581835952,1.0000001412361905,neutral,Yeast9_base,0.084042
YDR321W,0.08404225581835952,1.0000001412361905,neutral,Yeast9_base,0.084042
YDR322C-A,0.034180617666369824,0.40670758014616615,growth_reduced,Yeast9_base,0.084042
YDR341C,0.0,0.0,essential,Yeast9_base,0.084042
YDR342C,0.08404225581835884,1.0000001412361823,neutral,Yeast9_base,0.084042
YDR343C,0.08404225581835975,1.0000001412361932,neutral,Yeast9_base,0.084042
YDR345C,0.08404225581835975,1.0000001412361932,neutral,Yeast9_base,0.084042
YDR352W,0.08404225581835975,1.0000001412361932,neutral,Yeast9_base,0.084042
YDR353W,0.0,0.0,essential,Yeast9_base,0.084042
YDR354W,0.0,0.0,essential,Yeast9_base,0.084042
YDR367W,0.08404225581835868,1.0000001412361805,neutral,Yeast9_base,0.084042
YDR368W,0.08404225581835915,1.000000141236186,neutral,Yeast9_base,0.084042
YDR371W,0.08404225581835915,1.000000141236186,neutral,Yeast9_base,0.084042
YDR373W,0.08404225581835915,1.000000141236186,neutral,Yeast9_base,0.084042
YDR376W,0.08404225581835915,1.000000141236186,neutral,Yeast9_base,0.084042
YDR377W,0.03418061766637002,0.4067075801461685,growth_reduced,Yeast9_base,0.084042
YDR380W,0.08404225581836033,1.0000001412362003,neutral,Yeast9_base,0.084042
YDR384C,0.0840422558183603,1.0000001412361998,neutral,Yeast9_base,0.084042
YDR387C,0.0840422558183603,1.0000001412361998,neutral,Yeast9_base,0.084042
YDR399W,0.0840422558183603,1.0000001412361998,neutral,Yeast9_base,0.084042
YDR400W,0.0840422558183603,1.0000001412361998,neutral,Yeast9_base,0.084042
YDR402C,0.0840422558183603,1.0000001412361998,neutral,Yeast9_base,0.084042
YDR403W,0.0840422558183603,1.0000001412361998,neutral,Yeast9_base,0.084042
YDR408C,2.3172417251298026e-15,2.7572344766856927e-14,essential,Yeast9_base,0.084042
YDR428C,0.0,0.0,essential,Yeast9_base,0.084042
YDR437W,0.08404225581836006,1.000000141236197,neutral,Yeast9_base,0.084042
YDR441C,0.08404225581836097,1.0000001412362078,neutral,Yeast9_base,0.084042
YDR452W,0.08404225581836097,1.0000001412362078,neutral,Yeast9_base,0.084042
YDR453C,0.08404225581836097,1.0000001412362078,neutral,Yeast9_base,0.084042
YDR454C,0.0,0.0,essential,Yeast9_base,0.084042
YDR456W,0.08404225581836022,1.000000141236199,neutral,Yeast9_base,0.084042
YDR481C,0.08404225581835996,1.0000001412361958,neutral,Yeast9_base,0.084042
YDR483W,0.08404225581835996,1.0000001412361958,neutral,Yeast9_base,0.084042
YDR487C,0.0,0.0,essential,Yeast9_base,0.084042
YDR497C,0.08404225581835971,1.0000001412361927,neutral,Yeast9_base,0.084042
YDR502C,0.08404225581836026,1.0000001412361994,neutral,Yeast9_base,0.084042
YDR503C,0.08404225581836026,1.0000001412361994,neutral,Yeast9_base,0.084042
YDR508C,0.0,0.0,essential,Yeast9_base,0.084042
YDR513W,0.08404225581836033,1.0000001412362003,neutral,Yeast9_base,0.084042
YDR516C,0.08404225581836057,1.000000141236203,neutral,Yeast9_base,0.084042
YDR529C,0.024371218998685728,0.2899877234787387,growth_reduced,Yeast9_base,0.084042
YDR530C,0.08404225581836096,1.0000001412362076,neutral,Yeast9_base,0.084042
YDR531W,0.0,0.0,essential,Yeast9_base,0.084042
YDR533C,0.08404225581835968,1.0000001412361925,neutral,Yeast9_base,0.084042
YDR536W,0.08404225581836014,1.0000001412361978,neutral,Yeast9_base,0.084042
YDR538W,0.08404225581836014,1.0000001412361978,neutral,Yeast9_base,0.084042
YDR539W,0.08404225581836014,1.0000001412361978,neutral,Yeast9_base,0.084042
YEL004W,0.08404225581836014,1.0000001412361978,neutral,Yeast9_base,0.084042
YEL006W,0.08404225581836014,1.0000001412361978,neutral,Yeast9_base,0.084042
YEL017C-A,0.08404225581836014,1.0000001412361978,neutral,Yeast9_base,0.084042
YEL021W,0.0,0.0,essential,Yeast9_base,0.084042
YEL024W,0.024371219272819405,0.2899877267405944,growth_reduced,Yeast9_base,0.084042
YEL027W,0.08404225581836137,1.0000001412362125,neutral,Yeast9_base,0.084042
YEL029C,0.08404225581836035,1.0000001412362003,neutral,Yeast9_base,0.084042
YEL031W,0.08404225581836035,1.0000001412362003,neutral,Yeast9_base,0.084042
YEL038W,2.0153447970823065e-13,2.3980140253228e-12,essential,Yeast9_base,0.084042
YEL039C,0.08404223275702535,0.9999998668344958,neutral,Yeast9_base,0.084042
YEL041W,0.08404223275702527,0.9999998668344948,neutral,Yeast9_base,0.084042
YEL042W,0.08404223275702527,0.9999998668344948,neutral,Yeast9_base,0.084042
YEL046C,0.08404223275702527,0.9999998668344948,neutral,Yeast9_base,0.084042
YEL047C,0.08404225581835995,1.0000001412361956,neutral,Yeast9_base,0.084042
YEL051W,0.08404225581835995,1.0000001412361956,neutral,Yeast9_base,0.084042
YEL058W,0.0,0.0,essential,Yeast9_base,0.084042
YEL063C,0.08404225581836122,1.0000001412362107,neutral,Yeast9_base,0.084042
YEL066W,0.08404225581836033,1.0000001412362003,neutral,Yeast9_base,0.084042
YEL069C,0.08404225581836033,1.0000001412362003,neutral,Yeast9_base,0.084042
YEL070W,0.08404225581836033,1.0000001412362003,neutral,Yeast9_base,0.084042
YEL071W,0.08404225581836033,1.0000001412362003,neutral,Yeast9_base,0.084042
YER003C,0.0,0.0,essential,Yeast9_base,0.084042
YER005W,0.08404223275702456,0.9999998668344864,neutral,Yeast9_base,0.084042
YER010C,0.08404223275702508,0.9999998668344925,neutral,Yeast9_base,0.084042
YER014W,0.0,0.0,essential,Yeast9_base,0.084042
YER015W,0.08404223275702521,0.9999998668344942,neutral,Yeast9_base,0.084042
YER019W,0.08404223275702567,0.9999998668344996,neutral,Yeast9_base,0.084042
YER023W,0.0,0.0,essential,Yeast9_base,0.084042
YER024W,0.08404225581835992,1.0000001412361952,neutral,Yeast9_base,0.084042
YER026C,0.0,0.0,essential,Yeast9_base,0.084042
YER037W,0.08404225581835875,1.0000001412361814,neutral,Yeast9_base,0.084042
YER042W,0.08404225581835915,1.000000141236186,neutral,Yeast9_base,0.084042
YER043C,0.0,0.0,essential,Yeast9_base,0.084042
YER052C,2.3747531310035585e-15,2.825666021551346e-14,essential,Yeast9_base,0.084042
YER053C,0.08404225581836004,1.0000001412361967,neutral,Yeast9_base,0.084042
YER055C,0.0,0.0,essential,Yeast9_base,0.084042
YER056C,0.08404223275702527,0.9999998668344948,neutral,Yeast9_base,0.084042
YER060W,0.0840422327570265,0.9999998668345095,neutral,Yeast9_base,0.084042
YER060W-A,0.0840422327570265,0.9999998668345095,neutral,Yeast9_base,0.084042
YER061C,0.0840422327570265,0.9999998668345095,neutral,Yeast9_base,0.084042
YER062C,0.0840422327570265,0.9999998668345095,neutral,Yeast9_base,0.084042
YER065C,0.0840422327570265,0.9999998668345095,neutral,Yeast9_base,0.084042
YER069W,1.3616290413079826e-17,1.6201721626346748e-16,essential,Yeast9_base,0.084042
YER070W,0.08404223275702564,0.9999998668344993,neutral,Yeast9_base,0.084042
YER073W,0.08404223275702309,0.999999866834469,neutral,Yeast9_base,0.084042
YER081W,0.08404223275702309,0.999999866834469,neutral,Yeast9_base,0.084042
YER086W,0.08404223275702309,0.999999866834469,neutral,Yeast9_base,0.084042
YER087W,0.08404223275702309,0.999999866834469,neutral,Yeast9_base,0.084042
YER090W,2.284847043341739e-15,2.718688764117744e-14,essential,Yeast9_base,0.084042
YER091C,0.0,0.0,essential,Yeast9_base,0.084042
YER099C,0.0840422558183599,1.0000001412361952,neutral,Yeast9_base,0.084042
YER119C,0.08404225581835996,1.0000001412361958,neutral,Yeast9_base,0.084042
YER141W,0.08404225581835996,1.0000001412361958,neutral,Yeast9_base,0.084042
YER152C,0.08404225581835996,1.0000001412361958,neutral,Yeast9_base,0.084042
YER163C,0.08404225581835996,1.0000001412361958,neutral,Yeast9_base,0.084042
YER170W,0.08404225581835996,1.0000001412361958,neutral,Yeast9_base,0.084042
YER174C,0.08404225581835996,1.0000001412361958,neutral,Yeast9_base,0.084042
YER175C,0.08404225581835996,1.0000001412361958,neutral,Yeast9_base,0.084042
YER178W,0.07955668364999262,0.9466273139814498,neutral,Yeast9_base,0.084042
YER183C,0.0840422558183592,1.0000001412361867,neutral,Yeast9_base,0.084042
YFL001W,0.08404225581836071,1.0000001412362047,neutral,Yeast9_base,0.084042
YFL011W,0.08404225581836071,1.0000001412362047,neutral,Yeast9_base,0.084042
YFL017C,0.0,0.0,essential,Yeast9_base,0.084042
YFL018C,0.07955666693538502,0.9466271150980453,neutral,Yeast9_base,0.084042
YFL022C,0.0,0.0,essential,Yeast9_base,0.084042
YFL030W,0.08404225581835983,1.0000001412361943,neutral,Yeast9_base,0.084042
YFL045C,0.0,0.0,essential,Yeast9_base,0.084042
YFL053W,0.08404225581836056,1.000000141236203,neutral,Yeast9_base,0.084042
YFL054C,0.08404225581835932,1.000000141236188,neutral,Yeast9_base,0.084042
YFL055W,0.08404225581835932,1.000000141236188,neutral,Yeast9_base,0.084042
YFL058W,0.08404225581835932,1.000000141236188,neutral,Yeast9_base,0.084042
YFL059W,0.08404225581835932,1.000000141236188,neutral,Yeast9_base,0.084042
YFL060C,0.08404225581835932,1.000000141236188,neutral,Yeast9_base,0.084042
YFL061W,0.08404225581835932,1.000000141236188,neutral,Yeast9_base,0.084042
YFR015C,0.08404225581835932,1.000000141236188,neutral,Yeast9_base,0.084042
YFR019W,0.08404225581835932,1.000000141236188,neutral,Yeast9_base,0.084042
YFR021W,0.08404225581835932,1.000000141236188,neutral,Yeast9_base,0.084042
YFR025C,0.0,0.0,essential,Yeast9_base,0.084042
YFR030W,0.0,0.0,essential,Yeast9_base,0.084042
YFR033C,0.024371218998685943,0.28998772347874124,growth_reduced,Yeast9_base,0.084042
YFR044C,0.08404225581836167,1.000000141236216,neutral,Yeast9_base,0.084042
YFR047C,0.0,0.0,essential,Yeast9_base,0.084042
YFR049W,0.0840422558183592,1.0000001412361867,neutral,Yeast9_base,0.084042
YFR053C,0.08404225581836061,1.0000001412362036,neutral,Yeast9_base,0.084042
YFR055W,0.08404225581836061,1.0000001412362036,neutral,Yeast9_base,0.084042
YGL001C,0.0,0.0,essential,Yeast9_base,0.084042
YGL006W,0.08404225581836013,1.0000001412361976,neutral,Yeast9_base,0.084042
YGL008C,0.08404225581836064,1.0000001412362038,neutral,Yeast9_base,0.084042
YGL009C,0.0,0.0,essential,Yeast9_base,0.084042
YGL012W,0.0,0.0,essential,Yeast9_base,0.084042
YGL026C,0.0,0.0,essential,Yeast9_base,0.084042
YGL027C,0.0840422558183562,1.000000141236151,neutral,Yeast9_base,0.084042
YGL037C,0.08404225581835893,1.0000001412361836,neutral,Yeast9_base,0.084042
YGL038C,0.08404225581835893,1.0000001412361836,neutral,Yeast9_base,0.084042
YGL040C,0.0,0.0,essential,Yeast9_base,0.084042
YGL047W,0.08404225581836008,1.0000001412361972,neutral,Yeast9_base,0.084042
YGL055W,0.0,0.0,essential,Yeast9_base,0.084042
YGL062W,0.08404223275702516,0.9999998668344935,neutral,Yeast9_base,0.084042
YGL063W,0.08404223275702502,0.9999998668344918,neutral,Yeast9_base,0.084042
YGL065C,0.08404223275702502,0.9999998668344918,neutral,Yeast9_base,0.084042
YGL067W,0.08404223275702502,0.9999998668344918,neutral,Yeast9_base,0.084042
YGL077C,0.08404223275702502,0.9999998668344918,neutral,Yeast9_base,0.084042
YGL080W,0.08404223275702553,0.9999998668344979,neutral,Yeast9_base,0.084042
YGL084C,0.08404223275702534,0.9999998668344957,neutral,Yeast9_base,0.084042
YGL101W,0.08404223275702534,0.9999998668344957,neutral,Yeast9_base,0.084042
YGL125W,0.0,0.0,essential,Yeast9_base,0.084042
YGL142C,0.0840422327570229,0.9999998668344666,neutral,Yeast9_base,0.084042
YGL148W,8.285950233140038e-15,9.85926820113504e-14,essential,Yeast9_base,0.084042
YGL154C,0.0,0.0,essential,Yeast9_base,0.084042
YGL156W,0.08404223275702528,0.999999866834495,neutral,Yeast9_base,0.084042
YGL167C,0.08404223275702603,0.9999998668345039,neutral,Yeast9_base,0.084042
YGL169W,0.08404223275702603,0.9999998668345039,neutral,Yeast9_base,0.084042
YGL184C,0.08404223275702603,0.9999998668345039,neutral,Yeast9_base,0.084042
YGL186C,0.08404223275702603,0.9999998668345039,neutral,Yeast9_base,0.084042
YGL187C,0.08404223275702603,0.9999998668345039,neutral,Yeast9_base,0.084042
YGL191W,0.08404223275702603,0.9999998668345039,neutral,Yeast9_base,0.084042
YGL196W,0.08404223275702603,0.9999998668345039,neutral,Yeast9_base,0.084042
YGL202W,0.08404223275702603,0.9999998668345039,neutral,Yeast9_base,0.084042
YGL205W,0.08404223275702521,0.9999998668344942,neutral,Yeast9_base,0.084042
YGL224C,0.08404223275702521,0.9999998668344942,neutral,Yeast9_base,0.084042
YGL225W,0.08404223275702521,0.9999998668344942,neutral,Yeast9_base,0.084042
YGL234W,3.82512028436096e-15,4.551425693372163e-14,essential,Yeast9_base,0.084042
YGL245W,0.0,0.0,essential,Yeast9_base,0.084042
YGL248W,0.08404223275702548,0.9999998668344973,neutral,Yeast9_base,0.084042
YGL253W,0.0840422327570248,0.9999998668344892,neutral,Yeast9_base,0.084042
YGL255W,0.0840422327570248,0.9999998668344892,neutral,Yeast9_base,0.084042
YGL256W,0.0840422327570248,0.9999998668344892,neutral,Yeast9_base,0.084042
YGR007W,0.0840422327570248,0.9999998668344892,neutral,Yeast9_base,0.084042
YGR010W,0.0840422327570248,0.9999998668344892,neutral,Yeast9_base,0.084042
YGR012W,0.0840422327570248,0.9999998668344892,neutral,Yeast9_base,0.084042
YGR015C,0.0840422327570248,0.9999998668344892,neutral,Yeast9_base,0.084042
YGR019W,0.0840422327570248,0.9999998668344892,neutral,Yeast9_base,0.084042
YGR020C,0.0840422327570248,0.9999998668344892,neutral,Yeast9_base,0.084042
YGR032W,0.0840422327570248,0.9999998668344892,neutral,Yeast9_base,0.084042
YGR036C,0.0840422327570248,0.9999998668344892,neutral,Yeast9_base,0.084042
YGR038W,0.0840422327570248,0.9999998668344892,neutral,Yeast9_base,0.084042
YGR043C,0.0840422327570248,0.9999998668344892,neutral,Yeast9_base,0.084042
YGR046W,0.0840422327570248,0.9999998668344892,neutral,Yeast9_base,0.084042
YGR055W,0.0840422327570248,0.9999998668344892,neutral,Yeast9_base,0.084042
YGR060W,0.0,0.0,essential,Yeast9_base,0.084042
YGR061C,0.0,0.0,essential,Yeast9_base,0.084042
YGR062C,0.08404225581835946,1.0000001412361899,neutral,Yeast9_base,0.084042
YGR065C,0.08404225581836015,1.000000141236198,neutral,Yeast9_base,0.084042
YGR087C,0.08404225581836015,1.000000141236198,neutral,Yeast9_base,0.084042
YGR088W,0.08404199818214113,0.9999970756800335,neutral,Yeast9_base,0.084042
YGR094W,0.0,0.0,essential,Yeast9_base,0.084042
YGR096W,0.08404225581836042,1.0000001412362012,neutral,Yeast9_base,0.084042
YGR106C,0.08404225581835993,1.0000001412361954,neutral,Yeast9_base,0.084042
YGR110W,0.08404225581835993,1.0000001412361954,neutral,Yeast9_base,0.084042
YGR121C,0.08404225581835993,1.0000001412361954,neutral,Yeast9_base,0.084042
YGR124W,0.08404225581835993,1.0000001412361954,neutral,Yeast9_base,0.084042
YGR138C,0.08404225581835993,1.0000001412361954,neutral,Yeast9_base,0.084042
YGR143W,0.08404225581835993,1.0000001412361954,neutral,Yeast9_base,0.084042
YGR144W,0.08404225581835993,1.0000001412361954,neutral,Yeast9_base,0.084042
YGR154C,0.08404225581835993,1.0000001412361954,neutral,Yeast9_base,0.084042
YGR155W,4.2287913338244774e-17,5.031744912014905e-16,essential,Yeast9_base,0.084042
YGR157W,4.4349905094233323e-16,5.27709673261251e-15,essential,Yeast9_base,0.084042
YGR170W,0.08404223275702463,0.9999998668344873,neutral,Yeast9_base,0.084042
YGR171C,0.08404223275702498,0.9999998668344914,neutral,Yeast9_base,0.084042
YGR175C,0.0,0.0,essential,Yeast9_base,0.084042
YGR177C,0.0840422558183597,1.0000001412361925,neutral,Yeast9_base,0.084042
YGR180C,0.08404225581836086,1.0000001412362065,neutral,Yeast9_base,0.084042
YGR183C,0.024371218998685863,0.2899877234787403,growth_reduced,Yeast9_base,0.084042
YGR185C,0.0,0.0,essential,Yeast9_base,0.084042
YGR191W,0.08404225581836026,1.0000001412361994,neutral,Yeast9_base,0.084042
YGR192C,0.08404225581835961,1.0000001412361916,neutral,Yeast9_base,0.084042
YGR193C,0.07955668364999259,0.9466273139814495,neutral,Yeast9_base,0.084042
YGR194C,0.0840422558183601,1.0000001412361974,neutral,Yeast9_base,0.084042
YGR202C,0.08404225581836039,1.000000141236201,neutral,Yeast9_base,0.084042
YGR204W,0.0,0.0,essential,Yeast9_base,0.084042
YGR208W,0.07786771293570255,0.9265306264712498,neutral,Yeast9_base,0.084042
YGR209C,0.08404225581835988,1.0000001412361947,neutral,Yeast9_base,0.084042
YGR216C,0.08404225581835958,1.0000001412361912,neutral,Yeast9_base,0.084042
YGR227W,0.08404225581835958,1.0000001412361912,neutral,Yeast9_base,0.084042
YGR234W,0.08404225581835958,1.0000001412361912,neutral,Yeast9_base,0.084042
YGR240C,0.06677101873841874,0.794493526128276,neutral,Yeast9_base,0.084042
YGR243W,0.08404225581836018,1.0000001412361983,neutral,Yeast9_base,0.084042
YGR244C,0.08365652275210977,0.9954103891290731,neutral,Yeast9_base,0.084042
YGR247W,0.08404225581836004,1.0000001412361967,neutral,Yeast9_base,0.084042
YGR248W,0.08404225581836006,1.000000141236197,neutral,Yeast9_base,0.084042
YGR254W,0.08404225581836006,1.000000141236197,neutral,Yeast9_base,0.084042
YGR255C,0.08404225581836006,1.000000141236197,neutral,Yeast9_base,0.084042
YGR256W,0.08404225581836006,1.000000141236197,neutral,Yeast9_base,0.084042
YGR260W,0.08404225581836006,1.000000141236197,neutral,Yeast9_base,0.084042
YGR264C,0.0,0.0,essential,Yeast9_base,0.084042
YGR267C,0.0,0.0,essential,Yeast9_base,0.084042
YGR277C,0.08404186129040296,0.9999954468356365,neutral,Yeast9_base,0.084042
YGR282C,0.08404223716580754,0.9999999192936161,neutral,Yeast9_base,0.084042
YGR286C,0.08404223716580846,0.9999999192936271,neutral,Yeast9_base,0.084042
YGR287C,0.08404223716580846,0.9999999192936271,neutral,Yeast9_base,0.084042
YGR289C,0.08404223716580846,0.9999999192936271,neutral,Yeast9_base,0.084042
YGR292W,0.08404223716580846,0.9999999192936271,neutral,Yeast9_base,0.084042
YHL003C,0.08404223716580846,0.9999999192936271,neutral,Yeast9_base,0.084042
YHL011C,0.08404223716580846,0.9999999192936271,neutral,Yeast9_base,0.084042
YHL012W,0.08404223716580846,0.9999999192936271,neutral,Yeast9_base,0.084042
YHL016C,0.08404223716580846,0.9999999192936271,neutral,Yeast9_base,0.084042
YHL018W,0.08404223716580846,0.9999999192936271,neutral,Yeast9_base,0.084042
YHL032C,0.08404223716580846,0.9999999192936271,neutral,Yeast9_base,0.084042
YHL036W,0.08404223716580846,0.9999999192936271,neutral,Yeast9_base,0.084042
YHR001W-A,0.024371219272819728,0.2899877267405983,growth_reduced,Yeast9_base,0.084042
YHR002W,0.08339141093108762,0.9922558824361719,neutral,Yeast9_base,0.084042
YHR007C,0.0,0.0,essential,Yeast9_base,0.084042
YHR008C,0.08404223275702484,0.9999998668344897,neutral,Yeast9_base,0.084042
YHR011W,0.08404223275702563,0.9999998668344992,neutral,Yeast9_base,0.084042
YHR013C,0.08404223275702563,0.9999998668344992,neutral,Yeast9_base,0.084042
YHR018C,0.0,0.0,essential,Yeast9_base,0.084042
YHR019C,0.0,0.0,essential,Yeast9_base,0.084042
YHR020W,0.0,0.0,essential,Yeast9_base,0.084042
YHR025W,0.0,0.0,essential,Yeast9_base,0.084042
YHR026W,0.08404223275702548,0.9999998668344973,neutral,Yeast9_base,0.084042
YHR037W,0.08404223275702499,0.9999998668344915,neutral,Yeast9_base,0.084042
YHR039C-A,0.08404223275702499,0.9999998668344915,neutral,Yeast9_base,0.084042
YHR042W,0.0,0.0,essential,Yeast9_base,0.084042
YHR043C,0.0840422327570251,0.9999998668344928,neutral,Yeast9_base,0.084042
YHR044C,0.08404223275702516,0.9999998668344935,neutral,Yeast9_base,0.084042
YHR046C,0.08404223275702516,0.9999998668344935,neutral,Yeast9_base,0.084042
YHR051W,0.08404223275702516,0.9999998668344935,neutral,Yeast9_base,0.084042
YHR063C,0.0,0.0,essential,Yeast9_base,0.084042
YHR067W,0.08404223275702469,0.9999998668344879,neutral,Yeast9_base,0.084042
YHR068W,0.08404223275702544,0.9999998668344968,neutral,Yeast9_base,0.084042
YHR072W,0.0,0.0,essential,Yeast9_base,0.084042
YHR074W,5.302772695833264e-14,6.309651487981903e-13,essential,Yeast9_base,0.084042
YHR091C,0.08404223275702576,0.9999998668345006,neutral,Yeast9_base,0.084042
YHR092C,0.08404223275702573,0.9999998668345003,neutral,Yeast9_base,0.084042
YHR094C,0.08404223275702573,0.9999998668345003,neutral,Yeast9_base,0.084042
YHR096C,0.08404223275702573,0.9999998668345003,neutral,Yeast9_base,0.084042
YHR100C,0.08404223275702573,0.9999998668345003,neutral,Yeast9_base,0.084042
YHR104W,0.08404223275702573,0.9999998668345003,neutral,Yeast9_base,0.084042
YHR106W,0.08404223275702573,0.9999998668345003,neutral,Yeast9_base,0.084042
YHR109W,0.08404223275702573,0.9999998668345003,neutral,Yeast9_base,0.084042
YHR116W,0.08404223275702573,0.9999998668345003,neutral,Yeast9_base,0.084042
YHR123W,0.08404223275702573,0.9999998668345003,neutral,Yeast9_base,0.084042
YHR128W,0.08404223275702573,0.9999998668345003,neutral,Yeast9_base,0.084042
YHR137W,0.08404223275702573,0.9999998668345003,neutral,Yeast9_base,0.084042
YHR144C,0.08404019798327969,0.9999756555134974,neutral,Yeast9_base,0.084042
YHR162W,0.08404223275702576,0.9999998668345006,neutral,Yeast9_base,0.084042
YHR163W,0.08404223275702573,0.9999998668345003,neutral,Yeast9_base,0.084042
YHR174W,0.08404223275702573,0.9999998668345003,neutral,Yeast9_base,0.084042
YHR183W,0.08404223275702573,0.9999998668345003,neutral,Yeast9_base,0.084042
YHR190W,0.0,0.0,essential,Yeast9_base,0.084042
YHR201C,0.0840422327570251,0.9999998668344928,neutral,Yeast9_base,0.084042
YHR208W,0.0,0.0,essential,Yeast9_base,0.084042
YHR215W,0.08404223275702563,0.9999998668344992,neutral,Yeast9_base,0.084042
YHR216W,0.08404223275702573,0.9999998668345003,neutral,Yeast9_base,0.084042
YIL002C,0.08404223275702573,0.9999998668345003,neutral,Yeast9_base,0.084042
YIL006W,0.08404223275702573,0.9999998668345003,neutral,Yeast9_base,0.084042
YIL009W,0.08404223275702573,0.9999998668345003,neutral,Yeast9_base,0.084042
YIL010W,0.08404223275702573,0.9999998668345003,neutral,Yeast9_base,0.084042
YIL013C,0.08404223275702573,0.9999998668345003,neutral,Yeast9_base,0.084042
YIL020C,0.0,0.0,essential,Yeast9_base,0.084042
YIL023C,0.08404223275702508,0.9999998668344925,neutral,Yeast9_base,0.084042
YIL043C,0.08404223275702598,0.9999998668345033,neutral,Yeast9_base,0.084042
YIL048W,0.08404223275702598,0.9999998668345033,neutral,Yeast9_base,0.084042
YIL053W,0.08404223275702598,0.9999998668345033,neutral,Yeast9_base,0.084042
YIL066C,0.08404223275702598,0.9999998668345033,neutral,Yeast9_base,0.084042
YIL074C,0.08404223275702598,0.9999998668345033,neutral,Yeast9_base,0.084042
YIL078W,0.0,0.0,essential,Yeast9_base,0.084042
YIL083C,0.0,0.0,essential,Yeast9_base,0.084042
YIL094C,0.0,0.0,essential,Yeast9_base,0.084042
YIL099W,0.08404223275702441,0.9999998668344846,neutral,Yeast9_base,0.084042
YIL107C,0.08404223275702345,0.9999998668344732,neutral,Yeast9_base,0.084042
YIL111W,0.08404223275702345,0.9999998668344732,neutral,Yeast9_base,0.084042
YIL116W,0.0,0.0,essential,Yeast9_base,0.084042
YIL124W,0.08404223275702619,0.9999998668345057,neutral,Yeast9_base,0.084042
YIL125W,0.0840422558183595,1.0000001412361903,neutral,Yeast9_base,0.084042
YIL134W,0.08404225581835988,1.0000001412361947,neutral,Yeast9_base,0.084042
YIL145C,7.000504091345652e-13,8.329744379066131e-12,essential,Yeast9_base,0.084042
YIL155C,0.0840422558183609,1.000000141236207,neutral,Yeast9_base,0.084042
YIL160C,0.084042255818361,1.000000141236208,neutral,Yeast9_base,0.084042
YIL162W,0.084042255818361,1.000000141236208,neutral,Yeast9_base,0.084042
YIL166C,0.084042255818361,1.000000141236208,neutral,Yeast9_base,0.084042
YIL172C,0.084042255818361,1.000000141236208,neutral,Yeast9_base,0.084042
YIR027C,0.084042255818361,1.000000141236208,neutral,Yeast9_base,0.084042
YIR028W,0.084042255818361,1.000000141236208,neutral,Yeast9_base,0.084042
YIR029W,0.084042255818361,1.000000141236208,neutral,Yeast9_base,0.084042
YIR031C,0.084042255818361,1.000000141236208,neutral,Yeast9_base,0.084042
YIR032C,0.084042255818361,1.000000141236208,neutral,Yeast9_base,0.084042
YIR034C,0.0,0.0,essential,Yeast9_base,0.084042
YIR036C,0.0840422558183592,1.0000001412361867,neutral,Yeast9_base,0.084042
YIR037W,0.0840422558183594,1.0000001412361892,neutral,Yeast9_base,0.084042
YJL003W,0.0840422558183594,1.0000001412361892,neutral,Yeast9_base,0.084042
YJL005W,0.0840422558183594,1.0000001412361892,neutral,Yeast9_base,0.084042
YJL012C,0.0840422558183594,1.0000001412361892,neutral,Yeast9_base,0.084042
YJL026W,0.0840422558183594,1.0000001412361892,neutral,Yeast9_base,0.084042
YJL045W,0.0840422558183594,1.0000001412361892,neutral,Yeast9_base,0.084042
YJL052W,0.0840422558183594,1.0000001412361892,neutral,Yeast9_base,0.084042
YJL060W,0.0840422558183594,1.0000001412361892,neutral,Yeast9_base,0.084042
YJL068C,0.0840422558183594,1.0000001412361892,neutral,Yeast9_base,0.084042
YJL071W,0.0840422558183594,1.0000001412361892,neutral,Yeast9_base,0.084042
YJL088W,0.0,0.0,essential,Yeast9_base,0.084042
YJL091C,0.0840422558183606,1.0000001412362034,neutral,Yeast9_base,0.084042
YJL097W,0.08404225581836049,1.000000141236202,neutral,Yeast9_base,0.084042
YJL100W,0.08404225581835988,1.0000001412361947,neutral,Yeast9_base,0.084042
YJL101C,0.0,0.0,essential,Yeast9_base,0.084042
YJL121C,0.08184078257007847,0.9738052998701189,neutral,Yeast9_base,0.084042
YJL126W,0.08404223275702531,0.9999998668344954,neutral,Yeast9_base,0.084042
YJL129C,0.08404223275702534,0.9999998668344957,neutral,Yeast9_base,0.084042
YJL130C,4.133263096171175e-16,4.918077983140683e-15,essential,Yeast9_base,0.084042
YJL133W,0.08404223275702516,0.9999998668344935,neutral,Yeast9_base,0.084042
YJL134W,0.0840422327570251,0.9999998668344928,neutral,Yeast9_base,0.084042
YJL137C,0.0840422327570251,0.9999998668344928,neutral,Yeast9_base,0.084042
YJL139C,0.0840422327570251,0.9999998668344928,neutral,Yeast9_base,0.084042
YJL153C,0.0,0.0,essential,Yeast9_base,0.084042
YJL155C,0.0840422327570174,0.9999998668344012,neutral,Yeast9_base,0.084042
YJL166W,0.02437121927281953,0.2899877267405959,growth_reduced,Yeast9_base,0.084042
YJL167W,0.0,0.0,essential,Yeast9_base,0.084042
YJL196C,0.08404225581836122,1.0000001412362107,neutral,Yeast9_base,0.084042
YJL198W,0.08404225581835915,1.000000141236186,neutral,Yeast9_base,0.084042
YJL200C,0.08404225581835915,1.000000141236186,neutral,Yeast9_base,0.084042
YJL212C,0.0840422558183593,1.0000001412361879,neutral,Yeast9_base,0.084042
YJL214W,0.0840422558183593,1.0000001412361879,neutral,Yeast9_base,0.084042
YJL216C,0.0840422558183593,1.0000001412361879,neutral,Yeast9_base,0.084042
YJL219W,0.0840422558183593,1.0000001412361879,neutral,Yeast9_base,0.084042
YJL221C,0.0840422558183593,1.0000001412361879,neutral,Yeast9_base,0.084042
YJR001W,0.0840422558183593,1.0000001412361879,neutral,Yeast9_base,0.084042
YJR009C,0.0840422558183593,1.0000001412361879,neutral,Yeast9_base,0.084042
YJR010W,4.34159690456471e-16,5.16596975590328e-15,essential,Yeast9_base,0.084042
YJR013W,0.08404225581836237,1.0000001412362245,neutral,Yeast9_base,0.084042
YJR016C,0.0,0.0,essential,Yeast9_base,0.084042
YJR019C,0.08404225581836157,1.000000141236215,neutral,Yeast9_base,0.084042
YJR024C,7.966961520062275e-13,9.479710614270709e-12,essential,Yeast9_base,0.084042
YJR025C,0.0,0.0,essential,Yeast9_base,0.084042
YJR040W,0.0840422558183594,1.0000001412361892,neutral,Yeast9_base,0.084042
YJR048W,0.0840422558183613,1.0000001412362118,neutral,Yeast9_base,0.084042
YJR049C,0.0840422558183613,1.0000001412362118,neutral,Yeast9_base,0.084042
YJR051W,0.0840422558183613,1.0000001412362118,neutral,Yeast9_base,0.084042
YJR057W,0.0840422558183613,1.0000001412362118,neutral,Yeast9_base,0.084042
YJR069C,0.0840422558183613,1.0000001412362118,neutral,Yeast9_base,0.084042
YJR073C,2.6193335720953587e-17,3.116686857741205e-16,essential,Yeast9_base,0.084042
YJR077C,0.08404225581836089,1.0000001412362067,neutral,Yeast9_base,0.084042
YJR078W,0.0,0.0,essential,Yeast9_base,0.084042
YJR095W,0.0839816683610564,0.9992792245345826,neutral,Yeast9_base,0.084042
YJR103W,0.08404225581836049,1.000000141236202,neutral,Yeast9_base,0.084042
YJR104C,0.0840422558183605,1.0000001412362023,neutral,Yeast9_base,0.084042
YJR105W,0.08396302228737695,0.9990573590440459,neutral,Yeast9_base,0.084042
YJR109C,0.08404225581836074,1.000000141236205,neutral,Yeast9_base,0.084042
YJR110W,0.08404225581836001,1.0000001412361965,neutral,Yeast9_base,0.084042
YJR121W,0.03418061766636995,0.40670758014616765,growth_reduced,Yeast9_base,0.084042
YJR130C,0.0840422558183603,1.0000001412361998,neutral,Yeast9_base,0.084042
YJR131W,0.08404225581835999,1.000000141236196,neutral,Yeast9_base,0.084042
YJR133W,0.08404225581835999,1.000000141236196,neutral,Yeast9_base,0.084042
YJR137C,5.203734581929902e-16,6.191808235291043e-15,essential,Yeast9_base,0.084042
YJR139C,0.0,0.0,essential,Yeast9_base,0.084042
YJR143C,0.08404225581835935,1.0000001412361885,neutral,Yeast9_base,0.084042
YJR148W,0.0,0.0,essential,Yeast9_base,0.084042
YJR149W,0.08404225581836057,1.000000141236203,neutral,Yeast9_base,0.084042
YJR152W,0.08404225581836232,1.0000001412362238,neutral,Yeast9_base,0.084042
YJR153W,0.08404225581836232,1.0000001412362238,neutral,Yeast9_base,0.084042
YJR155W,0.08404225581836232,1.0000001412362238,neutral,Yeast9_base,0.084042
YJR158W,0.08404225581836232,1.0000001412362238,neutral,Yeast9_base,0.084042
YJR159W,0.08404225581836232,1.0000001412362238,neutral,Yeast9_base,0.084042
YJR160C,0.08404225581836232,1.0000001412362238,neutral,Yeast9_base,0.084042
YKL001C,0.0,0.0,essential,Yeast9_base,0.084042
YKL004W,0.08404225581835996,1.0000001412361958,neutral,Yeast9_base,0.084042
YKL008C,0.0840422558183595,1.0000001412361903,neutral,Yeast9_base,0.084042
YKL016C,0.034180617666371135,0.40670758014618175,growth_reduced,Yeast9_base,0.084042
YKL019W,0.08404225581836015,1.000000141236198,neutral,Yeast9_base,0.084042
YKL024C,0.0,0.0,essential,Yeast9_base,0.084042
YKL026C,0.0840422327570243,0.9999998668344833,neutral,Yeast9_base,0.084042
YKL029C,0.08331349106420556,0.9913287312414731,neutral,Yeast9_base,0.084042
YKL035W,0.08404223275702534,0.9999998668344957,neutral,Yeast9_base,0.084042
YKL055C,0.08404223275702419,0.9999998668344819,neutral,Yeast9_base,0.084042
YKL060C,0.06677101873842042,0.7944935261282959,neutral,Yeast9_base,0.084042
YKL067W,0.0,0.0,essential,Yeast9_base,0.084042
YKL069W,0.08404223716580735,0.9999999192936139,neutral,Yeast9_base,0.084042
YKL080W,0.08404223716580939,0.9999999192936381,neutral,Yeast9_base,0.084042
YKL085W,0.08404223716580887,0.999999919293632,neutral,Yeast9_base,0.084042
YKL087C,0.08404223716580825,0.9999999192936245,neutral,Yeast9_base,0.084042
YKL088W,0.0,0.0,essential,Yeast9_base,0.084042
YKL094W,0.08404223275702578,0.9999998668345009,neutral,Yeast9_base,0.084042
YKL103C,0.08404223275702527,0.9999998668344948,neutral,Yeast9_base,0.084042
YKL104C,0.0,0.0,essential,Yeast9_base,0.084042
YKL106W,0.0840422327570254,0.9999998668344963,neutral,Yeast9_base,0.084042
YKL120W,0.08373598994723992,0.996355951639027,neutral,Yeast9_base,0.084042
YKL127W,0.08404223275702498,0.9999998668344914,neutral,Yeast9_base,0.084042
YKL132C,0.08404223275702492,0.9999998668344907,neutral,Yeast9_base,0.084042
YKL140W,0.08404223275702492,0.9999998668344907,neutral,Yeast9_base,0.084042
YKL141W,0.0837853615856705,0.9969434138022315,neutral,Yeast9_base,0.084042
YKL146W,0.08404223716580873,0.9999999192936303,neutral,Yeast9_base,0.084042
YKL148C,0.08404223716580879,0.999999919293631,neutral,Yeast9_base,0.084042
YKL150W,0.08404223716580879,0.999999919293631,neutral,Yeast9_base,0.084042
YKL152C,0.08404223716580879,0.999999919293631,neutral,Yeast9_base,0.084042
YKL165C,0.08404223716580879,0.999999919293631,neutral,Yeast9_base,0.084042
YKL174C,0.08404223716580879,0.999999919293631,neutral,Yeast9_base,0.084042
YKL181W,0.08404223716580879,0.999999919293631,neutral,Yeast9_base,0.084042
YKL182W,3.3933800154814264e-17,4.037707533795385e-16,essential,Yeast9_base,0.084042
YKL184W,0.0840422371658089,0.9999999192936323,neutral,Yeast9_base,0.084042
YKL188C,0.08404223716580846,0.9999999192936271,neutral,Yeast9_base,0.084042
YKL192C,0.08404223716580846,0.9999999192936271,neutral,Yeast9_base,0.084042
YKL194C,0.08404223716580846,0.9999999192936271,neutral,Yeast9_base,0.084042
YKL211C,0.0,0.0,essential,Yeast9_base,0.084042
YKL212W,0.08404223716580946,0.999999919293639,neutral,Yeast9_base,0.084042
YKL215C,0.08404223716580878,0.9999999192936309,neutral,Yeast9_base,0.084042
YKL216W,0.0,0.0,essential,Yeast9_base,0.084042
YKL217W,0.08404223275702512,0.999999866834493,neutral,Yeast9_base,0.084042
YKL218C,0.08404223275702455,0.9999998668344863,neutral,Yeast9_base,0.084042
YKL220C,0.08404223275702455,0.9999998668344863,neutral,Yeast9_base,0.084042
YKR009C,0.08404223275702455,0.9999998668344863,neutral,Yeast9_base,0.084042
YKR031C,0.08404223275702455,0.9999998668344863,neutral,Yeast9_base,0.084042
YKR039W,0.0,0.0,essential,Yeast9_base,0.084042
YKR043C,0.08404223275702602,0.9999998668345037,neutral,Yeast9_base,0.084042
YKR052C,0.08404223275702458,0.9999998668344866,neutral,Yeast9_base,0.084042
YKR053C,0.08404223275702458,0.9999998668344866,neutral,Yeast9_base,0.084042
YKR058W,0.08404223275702458,0.9999998668344866,neutral,Yeast9_base,0.084042
YKR061W,0.08404223275702458,0.9999998668344866,neutral,Yeast9_base,0.084042
YKR066C,0.08404223275702458,0.9999998668344866,neutral,Yeast9_base,0.084042
YKR067W,1.2234605206931876e-17,1.4557685078496175e-16,essential,Yeast9_base,0.084042
YKR069W,0.08404223275702573,0.9999998668345003,neutral,Yeast9_base,0.084042
YKR072C,7.453229022857545e-13,8.868431722765607e-12,essential,Yeast9_base,0.084042
YKR076W,0.08404223275702198,0.9999998668344557,neutral,Yeast9_base,0.084042
YKR080W,0.08273383482884307,0.9844315304037928,neutral,Yeast9_base,0.084042
YKR089C,0.08404223275702515,0.9999998668344934,neutral,Yeast9_base,0.084042
YKR093W,0.08404223275702538,0.9999998668344962,neutral,Yeast9_base,0.084042
YKR097W,0.08404223275702538,0.9999998668344962,neutral,Yeast9_base,0.084042
YLL001W,0.08404223275702538,0.9999998668344962,neutral,Yeast9_base,0.084042
YLL012W,0.08404223275702538,0.9999998668344962,neutral,Yeast9_base,0.084042
YLL015W,0.08404223275702538,0.9999998668344962,neutral,Yeast9_base,0.084042
YLL018C,0.0,0.0,essential,Yeast9_base,0.084042
YLL018C-A,0.08404223275702442,0.9999998668344847,neutral,Yeast9_base,0.084042
YLL028W,0.08404223275702559,0.9999998668344986,neutral,Yeast9_base,0.084042
YLL031C,0.08404223275702559,0.9999998668344986,neutral,Yeast9_base,0.084042
YLL041C,0.08378535720379687,0.9969433616632901,neutral,Yeast9_base,0.084042
YLL043W,0.08404223275702431,0.9999998668344834,neutral,Yeast9_base,0.084042
YLL048C,0.0840422327570252,0.999999866834494,neutral,Yeast9_base,0.084042
YLL051C,0.0840422327570252,0.999999866834494,neutral,Yeast9_base,0.084042
YLL052C,0.0840422327570252,0.999999866834494,neutral,Yeast9_base,0.084042
YLL053C,0.0840422327570252,0.999999866834494,neutral,Yeast9_base,0.084042
YLL057C,0.0840422327570252,0.999999866834494,neutral,Yeast9_base,0.084042
YLL058W,0.0840422327570252,0.999999866834494,neutral,Yeast9_base,0.084042
YLL061W,0.0840422327570252,0.999999866834494,neutral,Yeast9_base,0.084042
YLL062C,0.0840422327570252,0.999999866834494,neutral,Yeast9_base,0.084042
YLR011W,0.0840422327570252,0.999999866834494,neutral,Yeast9_base,0.084042
YLR017W,1.0295748189761814e-12,1.2250682164155927e-11,essential,Yeast9_base,0.084042
YLR020C,0.08404225581836033,1.0000001412362003,neutral,Yeast9_base,0.084042
YLR027C,0.0,0.0,essential,Yeast9_base,0.084042
YLR028C,0.08404225581835995,1.0000001412361956,neutral,Yeast9_base,0.084042
YLR038C,0.08404225581835999,1.000000141236196,neutral,Yeast9_base,0.084042
YLR043C,0.08404225581835999,1.000000141236196,neutral,Yeast9_base,0.084042
YLR044C,0.08404225581835999,1.000000141236196,neutral,Yeast9_base,0.084042
YLR047C,0.08404225581835999,1.000000141236196,neutral,Yeast9_base,0.084042
YLR056W,0.08404225581835999,1.000000141236196,neutral,Yeast9_base,0.084042
YLR057W,0.08404225581835999,1.000000141236196,neutral,Yeast9_base,0.084042
YLR058C,0.08142312865277387,0.968835728644007,neutral,Yeast9_base,0.084042
YLR060W,0.0,0.0,essential,Yeast9_base,0.084042
YLR070C,0.0840422558183602,1.0000001412361985,neutral,Yeast9_base,0.084042
YLR081W,0.08404225581836078,1.0000001412362054,neutral,Yeast9_base,0.084042
YLR089C,0.08404225581836078,1.0000001412362054,neutral,Yeast9_base,0.084042
YLR092W,0.08404225581836078,1.0000001412362054,neutral,Yeast9_base,0.084042
YLR100W,0.0,0.0,essential,Yeast9_base,0.084042
YLR109W,0.08404225581835977,1.0000001412361934,neutral,Yeast9_base,0.084042
YLR130C,0.08404225581836038,1.0000001412362007,neutral,Yeast9_base,0.084042
YLR133W,0.08404225581836038,1.0000001412362007,neutral,Yeast9_base,0.084042
YLR134W,0.08404225581836038,1.0000001412362007,neutral,Yeast9_base,0.084042
YLR138W,0.08404225581836038,1.0000001412362007,neutral,Yeast9_base,0.084042
YLR142W,0.08404225581836038,1.0000001412362007,neutral,Yeast9_base,0.084042
YLR146C,2.873787589021417e-28,3.419456042583322e-27,essential,Yeast9_base,0.084042
YLR151C,0.08404225581835885,1.0000001412361825,neutral,Yeast9_base,0.084042
YLR153C,0.08404225581836028,1.0000001412361996,neutral,Yeast9_base,0.084042
YLR155C,0.08404225581836028,1.0000001412361996,neutral,Yeast9_base,0.084042
YLR157C,0.08404225581836028,1.0000001412361996,neutral,Yeast9_base,0.084042
YLR158C,0.08404225581836028,1.0000001412361996,neutral,Yeast9_base,0.084042
YLR160C,0.08404225581836028,1.0000001412361996,neutral,Yeast9_base,0.084042
YLR164W,0.08404225581836028,1.0000001412361996,neutral,Yeast9_base,0.084042
YLR172C,0.08404225581836028,1.0000001412361996,neutral,Yeast9_base,0.084042
YLR174W,0.08404225581836028,1.0000001412361996,neutral,Yeast9_base,0.084042
YLR180W,0.08404225581836028,1.0000001412361996,neutral,Yeast9_base,0.084042
YLR189C,0.08404225581836028,1.0000001412361996,neutral,Yeast9_base,0.084042
YLR201C,0.08404225581836028,1.0000001412361996,neutral,Yeast9_base,0.084042
YLR209C,0.08404214842499654,0.99999886338641,neutral,Yeast9_base,0.084042
YLR211C,0.08404225581836024,1.000000141236199,neutral,Yeast9_base,0.084042
YLR214W,0.08404225581836028,1.0000001412361996,neutral,Yeast9_base,0.084042
YLR231C,1.1176605807467465e-14,1.3298795084897158e-13,essential,Yeast9_base,0.084042
YLR237W,0.08404225581835985,1.0000001412361945,neutral,Yeast9_base,0.084042
YLR240W,0.08404225581835985,1.0000001412361945,neutral,Yeast9_base,0.084042
YLR244C,0.08404225581835985,1.0000001412361945,neutral,Yeast9_base,0.084042
YLR245C,0.08404225581835985,1.0000001412361945,neutral,Yeast9_base,0.084042
YLR258W,0.08404225581835985,1.0000001412361945,neutral,Yeast9_base,0.084042
YLR260W,0.08404225581835985,1.0000001412361945,neutral,Yeast9_base,0.084042
YLR284C,0.08404225581835985,1.0000001412361945,neutral,Yeast9_base,0.084042
YLR285W,0.08404225581835985,1.0000001412361945,neutral,Yeast9_base,0.084042
YLR286C,0.08404225581835985,1.0000001412361945,neutral,Yeast9_base,0.084042
YLR295C,0.03418061766636999,0.40670758014616815,growth_reduced,Yeast9_base,0.084042
YLR299W,0.08404225581836042,1.0000001412362012,neutral,Yeast9_base,0.084042
YLR300W,0.08404225581836042,1.0000001412362012,neutral,Yeast9_base,0.084042
YLR303W,0.0,0.0,essential,Yeast9_base,0.084042
YLR304C,0.08404225581836014,1.0000001412361978,neutral,Yeast9_base,0.084042
YLR305C,0.0840422558183596,1.0000001412361914,neutral,Yeast9_base,0.084042
YLR307W,0.0840422558183596,1.0000001412361914,neutral,Yeast9_base,0.084042
YLR308W,0.0840422558183596,1.0000001412361914,neutral,Yeast9_base,0.084042
YLR328W,0.0840422558183596,1.0000001412361914,neutral,Yeast9_base,0.084042
YLR342W,0.0840422558183596,1.0000001412361914,neutral,Yeast9_base,0.084042
YLR345W,0.0840422558183596,1.0000001412361914,neutral,Yeast9_base,0.084042
YLR348C,0.0840422558183596,1.0000001412361914,neutral,Yeast9_base,0.084042
YLR350W,0.0840422558183596,1.0000001412361914,neutral,Yeast9_base,0.084042
YLR351C,0.0840422558183596,1.0000001412361914,neutral,Yeast9_base,0.084042
YLR354C,0.0840422558183596,1.0000001412361914,neutral,Yeast9_base,0.084042
YLR355C,1.2827890890825197e-16,1.5263622540442698e-15,essential,Yeast9_base,0.084042
YLR359W,0.0,0.0,essential,Yeast9_base,0.084042
YLR360W,0.08404225581836072,1.0000001412362047,neutral,Yeast9_base,0.084042
YLR372W,0.08404225581836058,1.0000001412362032,neutral,Yeast9_base,0.084042
YLR377C,0.08404225581836058,1.0000001412362032,neutral,Yeast9_base,0.084042
YLR382C,0.08404225581836058,1.0000001412362032,neutral,Yeast9_base,0.084042
YLR386W,0.08404225581836058,1.0000001412362032,neutral,Yeast9_base,0.084042
YLR395C,0.08404225581836058,1.0000001412362032,neutral,Yeast9_base,0.084042
YLR410W,0.08404225581836058,1.0000001412362032,neutral,Yeast9_base,0.084042
YLR420W,2.3334662252905925e-17,2.776539649178138e-16,essential,Yeast9_base,0.084042
YLR432W,0.08404225581835967,1.0000001412361923,neutral,Yeast9_base,0.084042
YLR438W,0.08404225581836046,1.0000001412362016,neutral,Yeast9_base,0.084042
YLR446W,0.08404225581836032,1.0000001412362,neutral,Yeast9_base,0.084042
YLR447C,0.08404225581836032,1.0000001412362,neutral,Yeast9_base,0.084042
YLR450W,0.08404225581836032,1.0000001412362,neutral,Yeast9_base,0.084042
YML004C,0.08404225581836032,1.0000001412362,neutral,Yeast9_base,0.084042
YML008C,0.08404225581836032,1.0000001412362,neutral,Yeast9_base,0.084042
YML022W,0.08404225581836032,1.0000001412362,neutral,Yeast9_base,0.084042
YML035C,0.08404225581836032,1.0000001412362,neutral,Yeast9_base,0.084042
YML042W,0.08404225581836032,1.0000001412362,neutral,Yeast9_base,0.084042
YML054C,0.08404225581836032,1.0000001412362,neutral,Yeast9_base,0.084042
YML056C,0.08404225581836032,1.0000001412362,neutral,Yeast9_base,0.084042
YML059C,0.08404225581836032,1.0000001412362,neutral,Yeast9_base,0.084042
YML070W,0.08404225581836032,1.0000001412362,neutral,Yeast9_base,0.084042
YML075C,0.08404225581836032,1.0000001412362,neutral,Yeast9_base,0.084042
YML081C-A,0.03418061766637,0.4067075801461682,growth_reduced,Yeast9_base,0.084042
YML082W,0.08404225581836017,1.0000001412361983,neutral,Yeast9_base,0.084042
YML086C,0.08404225581835996,1.0000001412361958,neutral,Yeast9_base,0.084042
YML100W,0.08404225581835996,1.0000001412361958,neutral,Yeast9_base,0.084042
YML106W,0.08404225581835996,1.0000001412361958,neutral,Yeast9_base,0.084042
YML110C,0.08404225581835996,1.0000001412361958,neutral,Yeast9_base,0.084042
YML120C,0.08404225581835996,1.0000001412361958,neutral,Yeast9_base,0.084042
YML123C,0.08404225581835996,1.0000001412361958,neutral,Yeast9_base,0.084042
YML125C,0.08404225581835996,1.0000001412361958,neutral,Yeast9_base,0.084042
YML126C,0.0,0.0,essential,Yeast9_base,0.084042
YMR006C,0.08404225581836039,1.000000141236201,neutral,Yeast9_base,0.084042
YMR008C,0.08404225581836136,1.0000001412362125,neutral,Yeast9_base,0.084042
YMR009W,8.612059917662869e-13,1.0247298873807775e-11,essential,Yeast9_base,0.084042
YMR011W,0.0840422558183605,1.0000001412362023,neutral,Yeast9_base,0.084042
YMR013C,0.08404225581836013,1.0000001412361976,neutral,Yeast9_base,0.084042
YMR015C,0.08404225581836013,1.0000001412361976,neutral,Yeast9_base,0.084042
YMR020W,0.0,0.0,essential,Yeast9_base,0.084042
YMR041C,0.08404225581836025,1.0000001412361992,neutral,Yeast9_base,0.084042
YMR054W,0.08404225581835952,1.0000001412361905,neutral,Yeast9_base,0.084042
YMR056C,0.08404225581835952,1.0000001412361905,neutral,Yeast9_base,0.084042
YMR058W,0.08404225581835952,1.0000001412361905,neutral,Yeast9_base,0.084042
YMR062C,0.0,0.0,essential,Yeast9_base,0.084042
YMR083W,0.08404225581836014,1.0000001412361978,neutral,Yeast9_base,0.084042
YMR087W,0.08404225581836033,1.0000001412362003,neutral,Yeast9_base,0.084042
YMR088C,0.08404225581836033,1.0000001412362003,neutral,Yeast9_base,0.084042
YMR099C,0.08404225581836033,1.0000001412362003,neutral,Yeast9_base,0.084042
YMR101C,0.08404225581836033,1.0000001412362003,neutral,Yeast9_base,0.084042
YMR105C,0.08404225581836033,1.0000001412362003,neutral,Yeast9_base,0.084042
YMR108W,0.0,0.0,essential,Yeast9_base,0.084042
YMR110C,0.0840422327570248,0.9999998668344892,neutral,Yeast9_base,0.084042
YMR113W,3.424016650187209e-13,4.0741613851758136e-12,essential,Yeast9_base,0.084042
YMR120C,0.08404223275702527,0.9999998668344948,neutral,Yeast9_base,0.084042
YMR145C,0.08404223275702494,0.9999998668344908,neutral,Yeast9_base,0.084042
YMR162C,0.08404223275702494,0.9999998668344908,neutral,Yeast9_base,0.084042
YMR165C,0.08404223275702494,0.9999998668344908,neutral,Yeast9_base,0.084042
YMR169C,0.08404223275702494,0.9999998668344908,neutral,Yeast9_base,0.084042
YMR170C,0.08404223275702494,0.9999998668344908,neutral,Yeast9_base,0.084042
YMR189W,0.08404223275702494,0.9999998668344908,neutral,Yeast9_base,0.084042
YMR202W,0.08404223275702494,0.9999998668344908,neutral,Yeast9_base,0.084042
YMR205C,0.06677101873841886,0.7944935261282773,neutral,Yeast9_base,0.084042
YMR207C,0.0840422558183609,1.000000141236207,neutral,Yeast9_base,0.084042
YMR208W,0.0,0.0,essential,Yeast9_base,0.084042
YMR210W,0.08404225581836008,1.0000001412361972,neutral,Yeast9_base,0.084042
YMR217W,0.0,0.0,essential,Yeast9_base,0.084042
YMR220W,1.2627639895670255e-31,1.502534832768188e-30,essential,Yeast9_base,0.084042
YMR226C,0.08404225581835857,1.0000001412361792,neutral,Yeast9_base,0.084042
YMR241W,0.08404225581836042,1.0000001412362012,neutral,Yeast9_base,0.084042
YMR243C,0.0840422558183598,1.0000001412361939,neutral,Yeast9_base,0.084042
YMR246W,0.0840422558183598,1.0000001412361939,neutral,Yeast9_base,0.084042
YMR250W,0.0840422558183598,1.0000001412361939,neutral,Yeast9_base,0.084042
YMR256C,0.0840422558183598,1.0000001412361939,neutral,Yeast9_base,0.084042
YMR261C,0.0840422558183598,1.0000001412361939,neutral,Yeast9_base,0.084042
YMR267W,0.08140685263313135,0.9686420639002089,neutral,Yeast9_base,0.084042
YMR271C,0.0840422558183592,1.0000001412361867,neutral,Yeast9_base,0.084042
YMR272C,0.08404225581835999,1.000000141236196,neutral,Yeast9_base,0.084042
YMR278W,0.08404225581835999,1.000000141236196,neutral,Yeast9_base,0.084042
YMR281W,0.08404225581835999,1.000000141236196,neutral,Yeast9_base,0.084042
YMR289W,0.0,0.0,essential,Yeast9_base,0.084042
YMR293C,0.08404225581836014,1.0000001412361978,neutral,Yeast9_base,0.084042
YMR296C,0.08404225581836088,1.0000001412362067,neutral,Yeast9_base,0.084042
YMR298W,0.08404225581836088,1.0000001412362067,neutral,Yeast9_base,0.084042
YMR300C,2.6909472026271267e-14,3.201898326601563e-13,essential,Yeast9_base,0.084042
YMR301C,0.08404225581836082,1.000000141236206,neutral,Yeast9_base,0.084042
YMR303C,0.08404225581835913,1.0000001412361859,neutral,Yeast9_base,0.084042
YMR306W,0.08404225581835913,1.0000001412361859,neutral,Yeast9_base,0.084042
YMR313C,0.08404225581835913,1.0000001412361859,neutral,Yeast9_base,0.084042
YMR318C,0.08404225581835913,1.0000001412361859,neutral,Yeast9_base,0.084042
YMR319C,0.08404225581835913,1.0000001412361859,neutral,Yeast9_base,0.084042
YMR322C,0.08404225581835913,1.0000001412361859,neutral,Yeast9_base,0.084042
YMR323W,0.08404225581835913,1.0000001412361859,neutral,Yeast9_base,0.084042
YNL003C,0.08404225581835913,1.0000001412361859,neutral,Yeast9_base,0.084042
YNL009W,0.08404225581835913,1.0000001412361859,neutral,Yeast9_base,0.084042
YNL029C,0.08404225581835913,1.0000001412361859,neutral,Yeast9_base,0.084042
YNL036W,0.08404225581835913,1.0000001412361859,neutral,Yeast9_base,0.084042
YNL037C,0.0840422558183607,1.0000001412362045,neutral,Yeast9_base,0.084042
YNL038W,0.08404225581835956,1.000000141236191,neutral,Yeast9_base,0.084042
YNL045W,0.08404225581835956,1.000000141236191,neutral,Yeast9_base,0.084042
YNL048W,0.08404225581835956,1.000000141236191,neutral,Yeast9_base,0.084042
YNL052W,0.08404225581835956,1.000000141236191,neutral,Yeast9_base,0.084042
YNL054W,0.08404225581835956,1.000000141236191,neutral,Yeast9_base,0.084042
YNL065W,0.08404225581835956,1.000000141236191,neutral,Yeast9_base,0.084042
YNL071W,0.07955668364999274,0.9466273139814514,neutral,Yeast9_base,0.084042
YNL073W,0.08404225581835982,1.000000141236194,neutral,Yeast9_base,0.084042
YNL092W,0.08404225581836065,1.000000141236204,neutral,Yeast9_base,0.084042
YNL101W,0.08404225581836065,1.000000141236204,neutral,Yeast9_base,0.084042
YNL104C,0.08373601284081461,0.9963562240445889,neutral,Yeast9_base,0.084042
YNL106C,0.08404225581836043,1.0000001412362014,neutral,Yeast9_base,0.084042
YNL117W,0.08404225581835956,1.000000141236191,neutral,Yeast9_base,0.084042
YNL129W,0.08404225581835956,1.000000141236191,neutral,Yeast9_base,0.084042
YNL130C,0.08404225581835956,1.000000141236191,neutral,Yeast9_base,0.084042
YNL141W,0.08404225581835956,1.000000141236191,neutral,Yeast9_base,0.084042
YNL142W,0.08404225581835956,1.000000141236191,neutral,Yeast9_base,0.084042
YNL169C,0.08404225581835956,1.000000141236191,neutral,Yeast9_base,0.084042
YNL191W,0.08404225581835953,1.0000001412361907,neutral,Yeast9_base,0.084042
YNL192W,0.08404225581835953,1.0000001412361907,neutral,Yeast9_base,0.084042
YNL202W,0.08404225581835953,1.0000001412361907,neutral,Yeast9_base,0.084042
YNL219C,0.08404225581835953,1.0000001412361907,neutral,Yeast9_base,0.084042
YNL220W,0.0,0.0,essential,Yeast9_base,0.084042
YNL229C,0.08404225581836043,1.0000001412362014,neutral,Yeast9_base,0.084042
YNL241C,0.0814076956644004,0.9686520949420925,neutral,Yeast9_base,0.084042
YNL247W,0.0,0.0,essential,Yeast9_base,0.084042
YNL256W,0.0,0.0,essential,Yeast9_base,0.084042
YNL267W,0.08404225581836057,1.000000141236203,neutral,Yeast9_base,0.084042
YNL268W,0.08404225581836111,1.0000001412362094,neutral,Yeast9_base,0.084042
YNL270C,0.08404225581836111,1.0000001412362094,neutral,Yeast9_base,0.084042
YNL274C,0.08404225581836111,1.0000001412362094,neutral,Yeast9_base,0.084042
YNL275W,0.0,0.0,essential,Yeast9_base,0.084042
YNL277W,4.6172175520694245e-15,5.493924644486975e-14,essential,Yeast9_base,0.084042
YNL280C,1.2347169913615507e-15,1.4691623323591746e-14,essential,Yeast9_base,0.084042
YNL292W,0.08404223275702552,0.9999998668344978,neutral,Yeast9_base,0.084042
YNL316C,0.0,0.0,essential,Yeast9_base,0.084042
YNL318C,0.08404223275702442,0.9999998668344847,neutral,Yeast9_base,0.084042
YNL325C,0.08404223275702494,0.9999998668344908,neutral,Yeast9_base,0.084042
YNL331C,0.08404223275702494,0.9999998668344908,neutral,Yeast9_base,0.084042
YNL333W,0.08404223275702494,0.9999998668344908,neutral,Yeast9_base,0.084042
YNL334C,0.08404223275702494,0.9999998668344908,neutral,Yeast9_base,0.084042
YNL335W,0.08404223275702494,0.9999998668344908,neutral,Yeast9_base,0.084042
YNR001C,0.08404223275702494,0.9999998668344908,neutral,Yeast9_base,0.084042
YNR008W,0.08404223275702494,0.9999998668344908,neutral,Yeast9_base,0.084042
YNR012W,0.08404223275702387,0.9999998668344782,neutral,Yeast9_base,0.084042
YNR013C,0.08404223275702542,0.9999998668344966,neutral,Yeast9_base,0.084042
YNR016C,0.0,0.0,essential,Yeast9_base,0.084042
YNR019W,0.08404225581836025,1.0000001412361992,neutral,Yeast9_base,0.084042
YNR027W,0.08404225581836026,1.0000001412361994,neutral,Yeast9_base,0.084042
YNR030W,0.08404225581836026,1.0000001412361994,neutral,Yeast9_base,0.084042
YNR033W,0.0,0.0,essential,Yeast9_base,0.084042
YNR041C,0.08404225581835999,1.000000141236196,neutral,Yeast9_base,0.084042
YNR043W,0.0,0.0,essential,Yeast9_base,0.084042
YNR050C,0.0,0.0,essential,Yeast9_base,0.084042
YNR056C,0.08404223275702496,0.9999998668344912,neutral,Yeast9_base,0.084042
YNR057C,0.08404223275702495,0.999999866834491,neutral,Yeast9_base,0.084042
YNR058W,0.08404223275702495,0.999999866834491,neutral,Yeast9_base,0.084042
YNR060W,0.08404223275702495,0.999999866834491,neutral,Yeast9_base,0.084042
YNR067C,0.08404223275702495,0.999999866834491,neutral,Yeast9_base,0.084042
YNR072W,0.08404223275702495,0.999999866834491,neutral,Yeast9_base,0.084042
YNR073C,0.08404223275702495,0.999999866834491,neutral,Yeast9_base,0.084042
YOL011W,0.08404223275702495,0.999999866834491,neutral,Yeast9_base,0.084042
YOL020W,0.08404223275702495,0.999999866834491,neutral,Yeast9_base,0.084042
YOL033W,0.08404223275702495,0.999999866834491,neutral,Yeast9_base,0.084042
YOL049W,0.0,0.0,essential,Yeast9_base,0.084042
YOL052C,0.0,0.0,essential,Yeast9_base,0.084042
YOL055C,0.08404225581836028,1.0000001412361996,neutral,Yeast9_base,0.084042
YOL058W,0.0,0.0,essential,Yeast9_base,0.084042
YOL059W,0.08404225581836007,1.0000001412361972,neutral,Yeast9_base,0.084042
YOL061W,0.08404225581836061,1.0000001412362036,neutral,Yeast9_base,0.084042
YOL064C,0.08184335374156532,0.9738358936687378,neutral,Yeast9_base,0.084042
YOL065C,0.08404225581836051,1.0000001412362023,neutral,Yeast9_base,0.084042
YOL066C,0.0,0.0,essential,Yeast9_base,0.084042
YOL068C,0.0840422558183598,1.0000001412361939,neutral,Yeast9_base,0.084042
YOL077W-A,0.034180617666370226,0.4067075801461709,growth_reduced,Yeast9_base,0.084042
YOL086C,0.08404225581836015,1.000000141236198,neutral,Yeast9_base,0.084042
YOL092W,0.08404225581836061,1.0000001412362036,neutral,Yeast9_base,0.084042
YOL096C,0.08404225581836061,1.0000001412362036,neutral,Yeast9_base,0.084042
YOL097C,0.0,0.0,essential,Yeast9_base,0.084042
YOL103W,0.08404225581836078,1.0000001412362054,neutral,Yeast9_base,0.084042
YOL122C,0.0,0.0,essential,Yeast9_base,0.084042
YOL126C,0.0840422558183609,1.000000141236207,neutral,Yeast9_base,0.084042
YOL130W,0.0,0.0,essential,Yeast9_base,0.084042
YOL136C,0.08404225581836038,1.0000001412362007,neutral,Yeast9_base,0.084042
YOL140W,0.0,0.0,essential,Yeast9_base,0.084042
YOL143C,0.0,0.0,essential,Yeast9_base,0.084042
YOL151W,0.08404225581836063,1.0000001412362036,neutral,Yeast9_base,0.084042
YOL152W,0.0840422558183599,1.0000001412361952,neutral,Yeast9_base,0.084042
YOL156W,0.0840422558183599,1.0000001412361952,neutral,Yeast9_base,0.084042
YOL157C,0.0840422558183599,1.0000001412361952,neutral,Yeast9_base,0.084042
YOL165C,0.0840422558183599,1.0000001412361952,neutral,Yeast9_base,0.084042
YOR002W,0.0840422558183599,1.0000001412361952,neutral,Yeast9_base,0.084042
YOR011W,0.0840422558183599,1.0000001412361952,neutral,Yeast9_base,0.084042
YOR025W,0.0840422558183599,1.0000001412361952,neutral,Yeast9_base,0.084042
YOR040W,0.0840422558183599,1.0000001412361952,neutral,Yeast9_base,0.084042
YOR054C,0.0,0.0,essential,Yeast9_base,0.084042
YOR065W,0.024371219272820075,0.2899877267406024,growth_reduced,Yeast9_base,0.084042
YOR067C,0.0840422327570247,0.999999866834488,neutral,Yeast9_base,0.084042
YOR071C,0.08404223275702466,0.9999998668344876,neutral,Yeast9_base,0.084042
YOR074C,0.0,0.0,essential,Yeast9_base,0.084042
YOR081C,0.08404223275702508,0.9999998668344925,neutral,Yeast9_base,0.084042
YOR095C,0.0,0.0,essential,Yeast9_base,0.084042
YOR099W,0.08404223275702528,0.999999866834495,neutral,Yeast9_base,0.084042
YOR100C,0.08404223275702523,0.9999998668344944,neutral,Yeast9_base,0.084042
YOR108W,0.08404223275702523,0.9999998668344944,neutral,Yeast9_base,0.084042
YOR109W,0.08404223275702523,0.9999998668344944,neutral,Yeast9_base,0.084042
YOR120W,0.08404223275702523,0.9999998668344944,neutral,Yeast9_base,0.084042
YOR125C,0.08404223275702523,0.9999998668344944,neutral,Yeast9_base,0.084042
YOR126C,0.08404223275702523,0.9999998668344944,neutral,Yeast9_base,0.084042
YOR128C,5.409439002313605e-15,6.436571357643686e-14,essential,Yeast9_base,0.084042
YOR130C,0.0,0.0,essential,Yeast9_base,0.084042
YOR136W,0.0840422558183598,1.0000001412361939,neutral,Yeast9_base,0.084042
YOR142W,0.08365652275211105,0.9954103891290883,neutral,Yeast9_base,0.084042
YOR143C,0.08404225412267342,1.0000001210595981,neutral,Yeast9_base,0.084042
YOR149C,0.08404225581835986,1.0000001412361945,neutral,Yeast9_base,0.084042
YOR155C,0.08404225581836006,1.000000141236197,neutral,Yeast9_base,0.084042
YOR161C,0.08404225581836006,1.000000141236197,neutral,Yeast9_base,0.084042
YOR163W,0.08404225581836006,1.000000141236197,neutral,Yeast9_base,0.084042
YOR168W,0.0,0.0,essential,Yeast9_base,0.084042
YOR171C,0.08404225581836015,1.000000141236198,neutral,Yeast9_base,0.084042
YOR175C,0.08396107184985485,0.9990341512210457,neutral,Yeast9_base,0.084042
YOR176W,0.0,0.0,essential,Yeast9_base,0.084042
YOR180C,0.08404223275702487,0.99999986683449,neutral,Yeast9_base,0.084042
YOR184W,0.07786768443529843,0.9265302873512694,neutral,Yeast9_base,0.084042
YOR190W,0.08404223275702496,0.9999998668344912,neutral,Yeast9_base,0.084042
YOR192C,0.08404223275702495,0.999999866834491,neutral,Yeast9_base,0.084042
YOR202W,0.0,0.0,essential,Yeast9_base,0.084042
YOR209C,0.08404225581835968,1.0000001412361925,neutral,Yeast9_base,0.084042
YOR221C,0.08404225581835931,1.000000141236188,neutral,Yeast9_base,0.084042
YOR222W,0.08404225581835949,1.00000014123619,neutral,Yeast9_base,0.084042
YOR236W,0.0,0.0,essential,Yeast9_base,0.084042
YOR241W,0.08404225581835989,1.000000141236195,neutral,Yeast9_base,0.084042
YOR245C,0.08404225581836007,1.0000001412361972,neutral,Yeast9_base,0.084042
YOR251C,0.08404225581836007,1.0000001412361972,neutral,Yeast9_base,0.084042
YOR253W,0.08404225581836007,1.0000001412361972,neutral,Yeast9_base,0.084042
YOR270C,0.08404225581836007,1.0000001412361972,neutral,Yeast9_base,0.084042
YOR273C,0.08404225581836007,1.0000001412361972,neutral,Yeast9_base,0.084042
YOR278W,0.08404225581836007,1.0000001412361972,neutral,Yeast9_base,0.084042
YOR283W,0.08404225581836007,1.0000001412361972,neutral,Yeast9_base,0.084042
YOR285W,0.08404225581836007,1.0000001412361972,neutral,Yeast9_base,0.084042
YOR286W,0.08404225581836007,1.0000001412361972,neutral,Yeast9_base,0.084042
YOR303W,0.08404225581836007,1.0000001412361972,neutral,Yeast9_base,0.084042
YOR306C,0.08404225581836007,1.0000001412361972,neutral,Yeast9_base,0.084042
YOR311C,0.08404225581836007,1.0000001412361972,neutral,Yeast9_base,0.084042
YOR316C,0.08404225581836007,1.0000001412361972,neutral,Yeast9_base,0.084042
YOR317W,0.08404225581836007,1.0000001412361972,neutral,Yeast9_base,0.084042
YOR321W,0.08404225581836007,1.0000001412361972,neutral,Yeast9_base,0.084042
YOR323C,0.08404225581836006,1.000000141236197,neutral,Yeast9_base,0.084042
YOR332W,0.0840422558183595,1.0000001412361903,neutral,Yeast9_base,0.084042
YOR334W,0.0840422558183595,1.0000001412361903,neutral,Yeast9_base,0.084042
YOR335C,0.0,0.0,essential,Yeast9_base,0.084042
YOR347C,0.08404225581836046,1.0000001412362016,neutral,Yeast9_base,0.084042
YOR348C,0.08404225581835975,1.0000001412361932,neutral,Yeast9_base,0.084042
YOR360C,0.08404225581835975,1.0000001412361932,neutral,Yeast9_base,0.084042
YOR374W,0.08404225581835975,1.0000001412361932,neutral,Yeast9_base,0.084042
YOR375C,0.08404225581835975,1.0000001412361932,neutral,Yeast9_base,0.084042
YOR377W,0.08404225581835975,1.0000001412361932,neutral,Yeast9_base,0.084042
YOR381W,0.08404225581835975,1.0000001412361932,neutral,Yeast9_base,0.084042
YOR384W,0.08404225581835975,1.0000001412361932,neutral,Yeast9_base,0.084042
YOR388C,0.08404225581835975,1.0000001412361932,neutral,Yeast9_base,0.084042
YOR391C,0.08404225581835975,1.0000001412361932,neutral,Yeast9_base,0.084042
YOR393W,0.08404225581835975,1.0000001412361932,neutral,Yeast9_base,0.084042
YPL015C,0.08404225581835975,1.0000001412361932,neutral,Yeast9_base,0.084042
YPL023C,0.08404225581835975,1.0000001412361932,neutral,Yeast9_base,0.084042
YPL028W,0.0,0.0,essential,Yeast9_base,0.084042
YPL036W,0.08404225581835997,1.0000001412361958,neutral,Yeast9_base,0.084042
YPL040C,0.08404225581835971,1.0000001412361927,neutral,Yeast9_base,0.084042
YPL053C,0.08404225581835971,1.0000001412361927,neutral,Yeast9_base,0.084042
YPL057C,0.08404225581835971,1.0000001412361927,neutral,Yeast9_base,0.084042
YPL059W,0.08404225581835971,1.0000001412361927,neutral,Yeast9_base,0.084042
YPL060W,0.08404225581835971,1.0000001412361927,neutral,Yeast9_base,0.084042
YPL061W,0.08404225581835971,1.0000001412361927,neutral,Yeast9_base,0.084042
YPL069C,0.08404225581835971,1.0000001412361927,neutral,Yeast9_base,0.084042
YPL076W,0.08404225581835971,1.0000001412361927,neutral,Yeast9_base,0.084042
YPL078C,0.03418061766637056,0.4067075801461749,growth_reduced,Yeast9_base,0.084042
YPL087W,0.08404225581836032,1.0000001412362,neutral,Yeast9_base,0.084042
YPL088W,0.08404225581835954,1.0000001412361907,neutral,Yeast9_base,0.084042
YPL091W,0.08404225581835954,1.0000001412361907,neutral,Yeast9_base,0.084042
YPL092W,0.08404225581835954,1.0000001412361907,neutral,Yeast9_base,0.084042
YPL095C,0.08404225581835954,1.0000001412361907,neutral,Yeast9_base,0.084042
YPL096C-A,0.08404225581835954,1.0000001412361907,neutral,Yeast9_base,0.084042
YPL097W,0.08404225581835954,1.0000001412361907,neutral,Yeast9_base,0.084042
YPL104W,0.08404225581835954,1.0000001412361907,neutral,Yeast9_base,0.084042
YPL110C,0.08404225581835954,1.0000001412361907,neutral,Yeast9_base,0.084042
YPL111W,0.08404225581835954,1.0000001412361907,neutral,Yeast9_base,0.084042
YPL117C,0.0,0.0,essential,Yeast9_base,0.084042
YPL120W,0.08404225581835974,1.0000001412361932,neutral,Yeast9_base,0.084042
YPL132W,0.08404225581836024,1.000000141236199,neutral,Yeast9_base,0.084042
YPL134C,0.08404225581836024,1.000000141236199,neutral,Yeast9_base,0.084042
YPL147W,0.08404225581836024,1.000000141236199,neutral,Yeast9_base,0.084042
YPL148C,0.08404225581836024,1.000000141236199,neutral,Yeast9_base,0.084042
YPL160W,0.0,0.0,essential,Yeast9_base,0.084042
YPL172C,0.0,0.0,essential,Yeast9_base,0.084042
YPL175W,0.0840422327570248,0.9999998668344892,neutral,Yeast9_base,0.084042
YPL188W,0.08404223275702472,0.9999998668344883,neutral,Yeast9_base,0.084042
YPL189W,0.08404223275702472,0.9999998668344883,neutral,Yeast9_base,0.084042
YPL206C,0.08404223275702472,0.9999998668344883,neutral,Yeast9_base,0.084042
YPL212C,0.08404223275702472,0.9999998668344883,neutral,Yeast9_base,0.084042
YPL214C,0.0,0.0,essential,Yeast9_base,0.084042
YPL227C,0.08404225581836033,1.0000001412362003,neutral,Yeast9_base,0.084042
YPL231W,4.856032010773684e-16,5.778084666261799e-15,essential,Yeast9_base,0.084042
YPL234C,0.08404225581836042,1.0000001412362012,neutral,Yeast9_base,0.084042
YPL244C,0.08404225581836143,1.0000001412362132,neutral,Yeast9_base,0.084042
YPL252C,0.08404225581836143,1.0000001412362132,neutral,Yeast9_base,0.084042
YPL258C,0.08404225581836143,1.0000001412362132,neutral,Yeast9_base,0.084042
YPL262W,0.08301090713949309,0.9877283523070685,neutral,Yeast9_base,0.084042
YPL265W,0.08404225581836024,1.000000141236199,neutral,Yeast9_base,0.084042
YPL268W,0.08404225581836024,1.000000141236199,neutral,Yeast9_base,0.084042
YPL271W,0.03418061766590565,0.406707580140643,growth_reduced,Yeast9_base,0.084042
YPL273W,0.08404225581835993,1.0000001412361954,neutral,Yeast9_base,0.084042
YPL274W,0.08404225581836,1.0000001412361963,neutral,Yeast9_base,0.084042
YPL280W,0.08404225581836,1.0000001412361963,neutral,Yeast9_base,0.084042
YPL281C,0.08404225581836,1.0000001412361963,neutral,Yeast9_base,0.084042
YPR001W,0.08404225581836,1.0000001412361963,neutral,Yeast9_base,0.084042
YPR002W,0.08404225581836,1.0000001412361963,neutral,Yeast9_base,0.084042
YPR003C,0.08404225581836,1.0000001412361963,neutral,Yeast9_base,0.084042
YPR006C,0.08404225581836,1.0000001412361963,neutral,Yeast9_base,0.084042
YPR011C,0.08404225581836,1.0000001412361963,neutral,Yeast9_base,0.084042
YPR020W,0.034180617666370164,0.4067075801461702,growth_reduced,Yeast9_base,0.084042
YPR021C,0.08286653527996536,0.9860105036068826,neutral,Yeast9_base,0.084042
YPR026W,0.08404225581835974,1.0000001412361932,neutral,Yeast9_base,0.084042
YPR033C,0.0,0.0,essential,Yeast9_base,0.084042
YPR035W,1.2538655686048427e-15,1.4919467992458678e-14,essential,Yeast9_base,0.084042
YPR036W,0.08404225581835939,1.000000141236189,neutral,Yeast9_base,0.084042
YPR047W,0.08404225581836142,1.0000001412362132,neutral,Yeast9_base,0.084042
YPR058W,0.08404149337904086,0.9999910691400299,neutral,Yeast9_base,0.084042
YPR060C,0.0,0.0,essential,Yeast9_base,0.084042
YPR062W,0.08404225581836046,1.0000001412362016,neutral,Yeast9_base,0.084042
YPR069C,0.08404225581836086,1.0000001412362065,neutral,Yeast9_base,0.084042
YPR074C,0.08404225581836086,1.0000001412362065,neutral,Yeast9_base,0.084042
YPR081C,0.08404225581836086,1.0000001412362065,neutral,Yeast9_base,0.084042
YPR113W,0.0,0.0,essential,Yeast9_base,0.084042
YPR118W,0.0,0.0,essential,Yeast9_base,0.084042
YPR121W,0.0840422558183599,1.0000001412361952,neutral,Yeast9_base,0.084042
YPR127W,0.08404225581835988,1.0000001412361947,neutral,Yeast9_base,0.084042
YPR128C,0.08404225581835988,1.0000001412361947,neutral,Yeast9_base,0.084042
YPR138C,0.08404225581835988,1.0000001412361947,neutral,Yeast9_base,0.084042
YPR139C,0.08404225581835988,1.0000001412361947,neutral,Yeast9_base,0.084042
YPR140W,0.08404225581835988,1.0000001412361947,neutral,Yeast9_base,0.084042
YPR145W,0.08404225581835988,1.0000001412361947,neutral,Yeast9_base,0.084042
YPR156C,0.08404225581835988,1.0000001412361947,neutral,Yeast9_base,0.084042
YPR159W,0.08404225581835988,1.0000001412361947,neutral,Yeast9_base,0.084042
YPR160W,0.08404225581835988,1.0000001412361947,neutral,Yeast9_base,0.084042
YPR165W,0.0,0.0,essential,Yeast9_base,0.084042
YPR167C,0.0,0.0,essential,Yeast9_base,0.084042
YPR170W-B,0.08404225581836065,1.000000141236204,neutral,Yeast9_base,0.084042
YPR183W,0.0,0.0,essential,Yeast9_base,0.084042
YPR184W,0.08404225581835965,1.000000141236192,neutral,Yeast9_base,0.084042
YPR191W,0.024371218998686165,0.2899877234787439,growth_reduced,Yeast9_base,0.084042
YPR192W,0.08404225581836113,1.0000001412362096,neutral,Yeast9_base,0.084042
YPR193C,0.08404225581835886,1.0000001412361827,neutral,Yeast9_base,0.084042
