assembly,gene,systematic_id,call,copy_number,n_loci,best_pident,best_qcov,best_locus
Sb_ATCC_MYA797,AAD15,YOL165C,present,1,5,95.8,100.0,LRVB01000257.1:1852-2280
Sb_CLPY01,AAD15,YOL165C,present,1,5,95.8,100.0,JXBM01000015.1:528-956
Sb_EDRL,AAD15,YOL165C,present,1,5,95.8,100.0,ATCS02000061.1:1155-1583
Sb_KCTC13826BP,AAD15,YOL165C,absent,0,0,0.0,0.0,
Sb_PY0001,AAD15,YOL165C,present,1,5,95.8,100.0,CP097134.1:313628-314056
Sb_strain17,AAD15,YOL165C,present,1,5,79.84,90.21,CM002960.1:692725-694754
Sb_unique28,AAD15,YOL165C,present,1,5,95.8,100.0,CM003559.1:1574-2002
Sc_S288C,AAD15,YOL165C,present,2,6,100.0,100.0,NC_001147.6:1650-2078
Sb_ATCC_MYA797,ACT1,YFL039C,present,1,8,100.0,99.2,LRVB01000147.1:23751-24866
Sb_CLPY01,ACT1,YFL039C,present,1,8,100.0,99.2,JXBM01000014.1:213042-214157
Sb_EDRL,ACT1,YFL039C,present,1,8,100.0,99.2,ATCS02000060.1:208705-209820
Sb_KCTC13826BP,ACT1,YFL039C,present,1,8,99.73,99.47,JAPJTW010000003.1:1260360-1261478
Sb_PY0001,ACT1,YFL039C,present,1,8,100.0,99.2,CP097137.1:35219-36334
Sb_strain17,ACT1,YFL039C,present,1,10,100.0,99.2,CM002956.1:40369-41484
Sb_unique28,ACT1,YFL039C,present,1,8,100.0,99.2,CM003561.1:208679-209794
Sc_S288C,ACT1,YFL039C,present,1,8,100.0,99.2,NC_001138.5:53263-54378
Sb_ATCC_MYA797,AIF1,YNR074C,absent,0,0,0.0,0.0,
Sb_CLPY01,AIF1,YNR074C,absent,0,0,0.0,0.0,
Sb_EDRL,AIF1,YNR074C,absent,0,0,0.0,0.0,
Sb_KCTC13826BP,AIF1,YNR074C,absent,0,0,0.0,0.0,
Sb_PY0001,AIF1,YNR074C,absent,0,0,0.0,0.0,
Sb_strain17,AIF1,YNR074C,absent,0,0,0.0,0.0,
Sb_unique28,AIF1,YNR074C,absent,0,0,0.0,0.0,
Sc_S288C,AIF1,YNR074C,present,1,1,100.0,100.0,NC_001146.8:777605-778738
Sb_ATCC_MYA797,ARN2,YHL047C,degraded,0,3,54.27,99.19,LRVB01000158.1:7391-9253
Sb_CLPY01,ARN2,YHL047C,degraded,0,3,54.27,99.19,JXBM01000012.1:6797-8659
Sb_EDRL,ARN2,YHL047C,degraded,0,2,54.27,99.19,ATCS02000039.1:8559-10421
Sb_KCTC13826BP,ARN2,YHL047C,degraded,0,1,53.93,98.06,JAPJTW010000009.1:412669-414537
Sb_PY0001,ARN2,YHL047C,degraded,0,4,54.27,99.19,CP097139.1:9296-11158
Sb_strain17,ARN2,YHL047C,degraded,0,3,54.27,99.19,CM002958.1:6892-8754
Sb_unique28,ARN2,YHL047C,degraded,0,4,54.27,99.19,CM003563.1:511974-513836
Sc_S288C,ARN2,YHL047C,present,1,6,100.0,100.0,NC_001140.6:8354-10213
Sb_ATCC_MYA797,ASP1,YDR321W,present,1,1,100.0,100.0,LRVB01000318.1:320280-321422
Sb_CLPY01,ASP1,YDR321W,present,1,1,100.0,100.0,JXBM01000001.1:1089423-1090565
Sb_EDRL,ASP1,YDR321W,present,1,1,100.0,100.0,ATCS02000006.1:320309-321451
Sb_KCTC13826BP,ASP1,YDR321W,degraded,0,1,74.16,100.0,JAPJTW010000006.1:353187-354320
Sb_PY0001,ASP1,YDR321W,present,1,1,100.0,100.0,CP097135.1:1098391-1099533
Sb_strain17,ASP1,YDR321W,present,1,1,100.0,100.0,CM002954.1:1088635-1089777
Sb_unique28,ASP1,YDR321W,present,1,1,100.0,100.0,CM003560.1:417198-418340
Sc_S288C,ASP1,YDR321W,present,1,3,100.0,100.0,NC_001136.10:1108702-1109844
Sb_ATCC_MYA797,ASP3-1,YLR155C,degraded,0,2,49.41,92.54,LRVB01000318.1:320424-321422
Sb_CLPY01,ASP3-1,YLR155C,degraded,0,2,49.41,92.54,JXBM01000001.1:1089567-1090565
Sb_EDRL,ASP3-1,YLR155C,degraded,0,2,49.41,92.54,ATCS02000006.1:320453-321451
Sb_KCTC13826BP,ASP3-1,YLR155C,degraded,0,1,47.57,97.51,JAPJTW010000006.1:353238-354320
Sb_PY0001,ASP3-1,YLR155C,degraded,0,2,49.41,92.54,CP097135.1:1098535-1099533
Sb_strain17,ASP3-1,YLR155C,degraded,0,2,49.41,92.54,CM002954.1:1088779-1089777
Sb_unique28,ASP3-1,YLR155C,degraded,0,2,49.41,92.54,CM003560.1:417198-418196
Sc_S288C,ASP3-1,YLR155C,present,2,4,100.0,100.0,NC_001144.5:469320-474057
Sb_ATCC_MYA797,ASP3-2,YLR157C,degraded,0,2,49.41,92.54,LRVB01000318.1:320424-321422
Sb_CLPY01,ASP3-2,YLR157C,degraded,0,2,49.41,92.54,JXBM01000001.1:1089567-1090565
Sb_EDRL,ASP3-2,YLR157C,degraded,0,2,49.41,92.54,ATCS02000006.1:320453-321451
Sb_KCTC13826BP,ASP3-2,YLR157C,degraded,0,1,47.57,97.51,JAPJTW010000006.1:353238-354320
Sb_PY0001,ASP3-2,YLR157C,degraded,0,2,49.41,92.54,CP097135.1:1098535-1099533
Sb_strain17,ASP3-2,YLR157C,degraded,0,2,49.41,92.54,CM002954.1:1088779-1089777
Sb_unique28,ASP3-2,YLR157C,degraded,0,2,49.41,92.54,CM003560.1:417198-418196
Sc_S288C,ASP3-2,YLR157C,present,2,4,100.0,100.0,NC_001144.5:469320-474057
Sb_ATCC_MYA797,ASP3-3,YLR158C,degraded,0,2,49.41,92.54,LRVB01000318.1:320424-321422
Sb_CLPY01,ASP3-3,YLR158C,degraded,0,2,49.41,92.54,JXBM01000001.1:1089567-1090565
Sb_EDRL,ASP3-3,YLR158C,degraded,0,2,49.41,92.54,ATCS02000006.1:320453-321451
Sb_KCTC13826BP,ASP3-3,YLR158C,degraded,0,1,47.57,97.51,JAPJTW010000006.1:353238-354320
Sb_PY0001,ASP3-3,YLR158C,degraded,0,2,49.41,92.54,CP097135.1:1098535-1099533
Sb_strain17,ASP3-3,YLR158C,degraded,0,2,49.41,92.54,CM002954.1:1088779-1089777
Sb_unique28,ASP3-3,YLR158C,degraded,0,2,49.41,92.54,CM003560.1:417198-418196
Sc_S288C,ASP3-3,YLR158C,present,2,4,100.0,100.0,NC_001144.5:469320-474057
Sb_ATCC_MYA797,ASP3-4,YLR160C,degraded,0,2,49.41,92.54,LRVB01000318.1:320424-321422
Sb_CLPY01,ASP3-4,YLR160C,degraded,0,2,49.41,92.54,JXBM01000001.1:1089567-1090565
Sb_EDRL,ASP3-4,YLR160C,degraded,0,2,49.41,92.54,ATCS02000006.1:320453-321451
Sb_KCTC13826BP,ASP3-4,YLR160C,degraded,0,1,47.57,97.51,JAPJTW010000006.1:353238-354320
Sb_PY0001,ASP3-4,YLR160C,degraded,0,2,49.41,92.54,CP097135.1:1098535-1099533
Sb_strain17,ASP3-4,YLR160C,degraded,0,2,49.41,92.54,CM002954.1:1088779-1089777
Sb_unique28,ASP3-4,YLR160C,degraded,0,2,49.41,92.54,CM003560.1:417198-418196
Sc_S288C,ASP3-4,YLR160C,present,2,4,100.0,100.0,NC_001144.5:469320-474057
Sb_ATCC_MYA797,AYT1,YLL063C,absent,0,0,0.0,0.0,
Sb_CLPY01,AYT1,YLL063C,absent,0,0,0.0,0.0,
Sb_EDRL,AYT1,YLL063C,absent,0,0,0.0,0.0,
Sb_KCTC13826BP,AYT1,YLL063C,absent,0,0,0.0,0.0,
Sb_PY0001,AYT1,YLL063C,absent,0,0,0.0,0.0,
Sb_strain17,AYT1,YLL063C,absent,0,0,0.0,0.0,
Sb_unique28,AYT1,YLL063C,absent,0,0,0.0,0.0,
Sc_S288C,AYT1,YLL063C,present,1,1,100.0,100.0,NC_001144.5:14651-16072
Sb_ATCC_MYA797,BDS1,YOL164W,absent,0,0,0.0,0.0,
Sb_CLPY01,BDS1,YOL164W,absent,0,0,0.0,0.0,
Sb_EDRL,BDS1,YOL164W,absent,0,0,0.0,0.0,
Sb_KCTC13826BP,BDS1,YOL164W,absent,0,0,0.0,0.0,
Sb_PY0001,BDS1,YOL164W,absent,0,0,0.0,0.0,
Sb_strain17,BDS1,YOL164W,absent,0,0,0.0,0.0,
Sb_unique28,BDS1,YOL164W,absent,0,0,0.0,0.0,
Sc_S288C,BDS1,YOL164W,present,1,1,100.0,100.0,NC_001147.6:6175-8112
Sb_ATCC_MYA797,COS10,YNR075W,degraded,0,12,41.14,94.39,LRVB01000115.1:2408-3515
Sb_CLPY01,COS10,YNR075W,degraded,0,11,47.23,99.2,JXBM01000001.1:1085-2203
Sb_EDRL,COS10,YNR075W,degraded,0,11,47.3,97.59,ATCS02000010.1:1127-2215
Sb_KCTC13826BP,COS10,YNR075W,absent,0,0,0.0,0.0,
Sb_PY0001,COS10,YNR075W,degraded,0,15,46.85,99.47,CP097141.1:727528-728636
Sb_strain17,COS10,YNR075W,degraded,0,10,61.11,97.59,CM002947.1:36-1249
Sb_unique28,COS10,YNR075W,degraded,0,16,47.87,99.2,CM003558.1:789891-790997
Sc_S288C,COS10,YNR075W,present,1,22,100.0,100.0,NC_001146.8:779916-781037
Sb_ATCC_MYA797,COS6,YGR295C,present,1,13,82.04,84.78,LRVB01000106.1:54-1016
Sb_CLPY01,COS6,YGR295C,degraded,0,11,80.37,99.74,JXBM01000001.1:1058-2203
Sb_EDRL,COS6,YGR295C,degraded,0,13,82.76,98.95,ATCS02000010.1:1100-2224
Sb_KCTC13826BP,COS6,YGR295C,absent,0,0,0.0,0.0,
Sb_PY0001,COS6,YGR295C,degraded,0,16,84.75,100.0,CP097141.1:727528-728663
Sb_strain17,COS6,YGR295C,degraded,0,10,89.47,98.95,CM002947.1:9-1258
Sb_unique28,COS6,YGR295C,degraded,0,17,84.78,100.0,CM003558.1:789888-791024
Sc_S288C,COS6,YGR295C,present,1,21,100.0,100.0,NC_001139.9:1081587-1082729
Sb_ATCC_MYA797,ENB1,YOL158C,degraded,0,3,31.95,89.11,LRVB01000065.1:451785-453419
Sb_CLPY01,ENB1,YOL158C,degraded,0,3,31.95,89.11,JXBM01000011.1:539483-541117
Sb_EDRL,ENB1,YOL158C,degraded,0,2,31.95,89.11,ATCS02000051.1:8610-10244
Sb_KCTC13826BP,ENB1,YOL158C,degraded,0,1,33.27,84.82,JAPJTW010000009.1:412924-414468
Sb_PY0001,ENB1,YOL158C,degraded,0,4,31.95,89.11,CP097136.1:24091-25725
Sb_strain17,ENB1,YOL158C,degraded,0,3,31.95,89.11,CM002955.1:16883-18517
Sb_unique28,ENB1,YOL158C,degraded,0,4,31.95,89.11,CM003555.1:28134-29768
Sc_S288C,ENB1,YOL158C,present,1,6,100.0,100.0,NC_001147.6:19494-21311
Sb_ATCC_MYA797,GAL1,YBR020W,present,1,2,99.81,100.0,LRVB01000237.1:19487-21070
Sb_CLPY01,GAL1,YBR020W,present,1,2,99.81,100.0,JXBM01000007.1:521822-523405
Sb_EDRL,GAL1,YBR020W,present,1,2,99.81,100.0,ATCS02000019.1:68850-70433
Sb_KCTC13826BP,GAL1,YBR020W,absent,0,0,0.0,0.0,
Sb_PY0001,GAL1,YBR020W,present,1,2,99.81,100.0,CP097133.1:259073-260656
Sb_strain17,GAL1,YBR020W,present,1,2,99.81,100.0,CM002952.1:263295-264878
Sb_unique28,GAL1,YBR020W,present,1,2,100.0,100.0,CM003558.1:258962-260545
Sc_S288C,GAL1,YBR020W,present,1,2,100.0,100.0,NC_001134.8:279021-280604
Sb_ATCC_MYA797,GAL10,YBR019C,present,1,3,100.0,100.0,LRVB01000237.1:21739-23835
Sb_CLPY01,GAL10,YBR019C,present,1,3,100.0,100.0,JXBM01000007.1:524074-526170
Sb_EDRL,GAL10,YBR019C,present,1,3,100.0,100.0,ATCS02000019.1:66085-68181
Sb_KCTC13826BP,GAL10,YBR019C,absent,0,0,0.0,0.0,
Sb_PY0001,GAL10,YBR019C,present,1,3,100.0,100.0,CP097133.1:256308-258404
Sb_strain17,GAL10,YBR019C,present,1,3,100.0,100.0,CM002952.1:260530-262626
Sb_unique28,GAL10,YBR019C,present,1,3,100.0,100.0,CM003558.1:256197-258293
Sc_S288C,GAL10,YBR019C,present,1,3,100.0,100.0,NC_001134.8:276256-278352
Sb_ATCC_MYA797,GAL2,YLR081W,present,1,26,70.59,98.95,LRVB01000116.1:229763-238990
Sb_CLPY01,GAL2,YLR081W,present,1,24,68.69,98.95,JXBM01000012.1:267938-277132
Sb_EDRL,GAL2,YLR081W,present,1,25,70.59,98.95,ATCS02000039.1:268556-277753
Sb_KCTC13826BP,GAL2,YLR081W,degraded,0,16,67.47,93.73,JAPJTW010000010.1:284394-289764
Sb_PY0001,GAL2,YLR081W,present,1,25,70.59,98.95,CP097139.1:272596-281791
Sb_strain17,GAL2,YLR081W,present,1,24,73.06,98.95,CM002954.1:1139547-1147032
Sb_unique28,GAL2,YLR081W,present,1,25,70.59,98.95,CM003563.1:241349-250545
Sc_S288C,GAL2,YLR081W,present,1,30,70.76,98.95,NC_001140.6:287093-296291
Sb_ATCC_MYA797,GAL3,YDR009W,present,1,2,99.42,100.0,LRVB01000310.1:103200-104759
Sb_CLPY01,GAL3,YDR009W,present,1,2,99.61,100.0,JXBM01000001.1:469323-470882
Sb_EDRL,GAL3,YDR009W,present,1,2,99.61,100.0,ATCS02000004.1:77488-79047
Sb_KCTC13826BP,GAL3,YDR009W,absent,0,0,0.0,0.0,
Sb_PY0001,GAL3,YDR009W,present,1,2,99.42,100.0,CP097135.1:468583-470142
Sb_strain17,GAL3,YDR009W,present,1,2,99.61,100.0,CM002954.1:473987-475546
Sb_unique28,GAL3,YDR009W,present,1,2,99.61,100.0,CM003560.1:1046585-1048144
Sc_S288C,GAL3,YDR009W,present,1,2,100.0,100.0,NC_001136.10:463434-464993
Sb_ATCC_MYA797,GAL4,YPL248C,present,1,3,99.66,100.0,LRVB01000097.1:47412-50054
Sb_CLPY01,GAL4,YPL248C,present,1,3,99.66,100.0,JXBM01000005.1:848770-851412
Sb_EDRL,GAL4,YPL248C,present,1,3,99.66,100.0,ATCS02000020.1:47442-50084
Sb_KCTC13826BP,GAL4,YPL248C,degraded,0,3,33.73,9.19,JAPJTW010000002.1:1074842-1075090
Sb_PY0001,GAL4,YPL248C,present,1,3,99.66,100.0,CP097147.1:73961-76603
Sb_strain17,GAL4,YPL248C,present,1,3,99.66,100.0,CM002950.1:54892-57534
Sb_unique28,GAL4,YPL248C,present,1,3,99.66,100.0,CM003570.1:73866-76508
Sc_S288C,GAL4,YPL248C,present,1,4,100.0,100.0,NC_001148.4:79714-82356
Sb_ATCC_MYA797,GAL7,YBR018C,present,1,1,100.0,100.0,LRVB01000237.1:24564-25661
Sb_CLPY01,GAL7,YBR018C,present,1,1,100.0,100.0,JXBM01000007.1:526899-527996
Sb_EDRL,GAL7,YBR018C,present,1,1,100.0,100.0,ATCS02000019.1:64259-65356
Sb_KCTC13826BP,GAL7,YBR018C,absent,0,0,0.0,0.0,
Sb_PY0001,GAL7,YBR018C,present,1,1,100.0,100.0,CP097133.1:254482-255579
Sb_strain17,GAL7,YBR018C,present,1,1,100.0,100.0,CM002952.1:258704-259801
Sb_unique28,GAL7,YBR018C,present,1,1,100.0,100.0,CM003558.1:254371-255468
Sc_S288C,GAL7,YBR018C,present,1,1,100.0,100.0,NC_001134.8:274430-275527
Sb_ATCC_MYA797,GAL80,YML051W,present,1,1,100.0,100.0,LRVB01000198.1:163230-164534
Sb_CLPY01,GAL80,YML051W,present,1,1,100.0,100.0,JXBM01000006.1:728995-730299
Sb_EDRL,GAL80,YML051W,present,1,1,100.0,100.0,ATCS02000010.1:165026-166330
Sb_KCTC13826BP,GAL80,YML051W,absent,0,0,0.0,0.0,
Sb_PY0001,GAL80,YML051W,present,1,1,100.0,100.0,CP097144.1:165908-167212
Sb_strain17,GAL80,YML051W,present,1,1,100.0,100.0,CM002947.1:167145-168449
Sb_unique28,GAL80,YML051W,present,1,1,100.0,100.0,CM003567.1:165608-166912
Sc_S288C,GAL80,YML051W,present,1,1,100.0,100.0,NC_001145.3:171594-172898
Sb_ATCC_MYA797,GLR1,YPL091W,present,1,3,99.38,100.0,LRVB01000090.1:200880-202328
Sb_CLPY01,GLR1,YPL091W,present,1,3,99.38,100.0,JXBM01000005.1:554248-555696
Sb_EDRL,GLR1,YPL091W,present,1,3,99.38,100.0,ATCS02000021.1:36464-37912
Sb_KCTC13826BP,GLR1,YPL091W,degraded,0,2,79.71,100.0,JAPJTW010000006.1:489748-491196
Sb_PY0001,GLR1,YPL091W,present,1,3,99.38,100.0,CP097147.1:369418-370866
Sb_strain17,GLR1,YPL091W,present,1,3,99.38,100.0,CM002950.1:293344-294792
Sb_unique28,GLR1,YPL091W,present,1,3,99.38,100.0,CM003570.1:375286-376734
Sc_S288C,GLR1,YPL091W,present,1,3,100.0,100.0,NC_001148.4:375502-376950
Sb_ATCC_MYA797,GPD1,YDL022W,present,1,2,100.0,100.0,LRVB01000310.1:155314-156486
Sb_CLPY01,GPD1,YDL022W,present,1,2,100.0,100.0,JXBM01000001.1:418520-419692
Sb_EDRL,GPD1,YDL022W,present,1,2,100.0,100.0,ATCS02000004.1:26694-27866
Sb_KCTC13826BP,GPD1,YDL022W,degraded,0,2,78.17,98.72,JAPJTW010000003.1:151016-152197
Sb_PY0001,GPD1,YDL022W,present,1,2,100.0,100.0,CP097135.1:417730-418902
Sb_strain17,GPD1,YDL022W,present,1,2,100.0,100.0,CM002954.1:419991-423560
Sb_unique28,GPD1,YDL022W,present,1,2,100.0,100.0,CM003560.1:1103591-1104763
Sc_S288C,GPD1,YDL022W,present,1,2,100.0,100.0,NC_001136.10:411825-412997
Sb_ATCC_MYA797,HXT1,YHR094C,present_ambiguous,0,24,99.12,100.0,LRVB01000116.1:229661-238999
Sb_CLPY01,HXT1,YHR094C,present_ambiguous,0,22,99.12,100.0,JXBM01000012.1:267929-277234
Sb_EDRL,HXT1,YHR094C,present_ambiguous,0,23,99.12,100.0,ATCS02000039.1:268547-277855
Sb_KCTC13826BP,HXT1,YHR094C,degraded,0,16,80.84,100.0,JAPJTW010000013.1:324249-329614
Sb_PY0001,HXT1,YHR094C,present_ambiguous,0,23,99.12,100.0,CP097139.1:272587-281893
Sb_strain17,HXT1,YHR094C,present_ambiguous,0,22,99.12,100.0,CM002958.1:267831-277380
Sb_unique28,HXT1,YHR094C,present_ambiguous,0,23,99.12,100.0,CM003563.1:241247-250554
Sc_S288C,HXT1,YHR094C,present_ambiguous,0,28,100.0,100.0,NC_001140.6:287084-296393
Sb_ATCC_MYA797,HXT10,YFL011W,present,1,25,67.06,96.89,LRVB01000116.1:229787-238927
Sb_CLPY01,HXT10,YFL011W,present,1,23,67.06,96.89,JXBM01000012.1:268001-277108
Sb_EDRL,HXT10,YFL011W,present,1,24,67.06,96.89,ATCS02000039.1:268619-277729
Sb_KCTC13826BP,HXT10,YFL011W,degraded,0,16,76.61,93.96,JAPJTW010000010.1:284424-289734
Sb_PY0001,HXT10,YFL011W,present,1,24,67.06,96.89,CP097139.1:272659-281767
Sb_strain17,HXT10,YFL011W,present,1,23,68.49,96.7,CM002954.1:1139610-1146909
Sb_unique28,HXT10,YFL011W,present,1,24,67.06,96.89,CM003563.1:241373-250482
Sc_S288C,HXT10,YFL011W,present,1,29,67.06,96.89,NC_001140.6:287156-296267
Sb_ATCC_MYA797,HXT11,YOL156W,degraded,0,25,70.09,99.65,LRVB01000116.1:229667-238990
Sb_CLPY01,HXT11,YOL156W,degraded,0,23,68.14,99.65,JXBM01000012.1:267938-277228
Sb_EDRL,HXT11,YOL156W,degraded,0,24,70.09,99.65,ATCS02000039.1:268556-277849
Sb_KCTC13826BP,HXT11,YOL156W,degraded,0,16,65.43,98.41,JAPJTW010000010.1:284328-289830
Sb_PY0001,HXT11,YOL156W,degraded,0,24,70.09,99.65,CP097139.1:272596-281887
Sb_strain17,HXT11,YOL156W,degraded,0,23,71.05,99.47,CM002954.1:1139541-1147038
Sb_unique28,HXT11,YOL156W,degraded,0,24,70.09,99.65,CM003563.1:241253-250545
Sc_S288C,HXT11,YOL156W,present,2,29,70.27,99.65,NC_001140.6:287093-296387
Sb_ATCC_MYA797,HXT13,YEL069C,degraded,0,26,55.72,98.76,LRVB01000116.1:229772-238966
Sb_CLPY01,HXT13,YEL069C,present,1,24,54.45,98.76,JXBM01000012.1:267962-277123
Sb_EDRL,HXT13,YEL069C,present,1,25,55.72,98.76,ATCS02000039.1:268580-277744
Sb_KCTC13826BP,HXT13,YEL069C,degraded,0,16,55.46,98.4,JAPJTW010000010.1:284325-289833
Sb_PY0001,HXT13,YEL069C,present,1,25,55.72,98.76,CP097139.1:272620-281782
Sb_strain17,HXT13,YEL069C,degraded,0,24,62.08,97.87,CM002954.1:1139571-1147014
Sb_unique28,HXT13,YEL069C,present,1,25,55.72,98.76,CM003563.1:241358-250521
Sc_S288C,HXT13,YEL069C,present,1,30,55.53,98.76,NC_001140.6:287117-296282
Sb_ATCC_MYA797,HXT14,YNL318C,present,1,26,98.89,100.0,LRVB01000107.1:56541-58160
Sb_CLPY01,HXT14,YNL318C,present,1,24,98.89,100.0,JXBM01000008.1:22628-24247
Sb_EDRL,HXT14,YNL318C,present,1,25,98.89,100.0,ATCS02000050.1:58744-60363
Sb_KCTC13826BP,HXT14,YNL318C,degraded,0,15,37.59,94.63,JAPJTW010000010.1:284379-289779
Sb_PY0001,HXT14,YNL318C,present,1,25,98.89,100.0,CP097145.1:39206-40825
Sb_strain17,HXT14,YNL318C,present,1,23,98.89,100.0,CM002948.1:22841-24460
Sb_unique28,HXT14,YNL318C,present,1,25,98.89,100.0,CM003568.1:740492-742111
Sc_S288C,HXT14,YNL318C,present,1,30,100.0,100.0,NC_001146.8:38710-40329
Sb_ATCC_MYA797,HXT15,YDL245C,present,1,26,55.25,96.12,LRVB01000116.1:229772-238936
Sb_CLPY01,HXT15,YDL245C,present,1,24,54.21,96.12,JXBM01000012.1:267992-277123
Sb_EDRL,HXT15,YDL245C,present,1,25,55.25,96.12,ATCS02000039.1:268610-277744
Sb_KCTC13826BP,HXT15,YDL245C,degraded,0,16,55.6,95.59,JAPJTW010000010.1:284325-289833
Sb_PY0001,HXT15,YDL245C,present,1,25,55.25,96.12,CP097139.1:272650-281782
Sb_strain17,HXT15,YDL245C,degraded,0,24,58.0,97.0,CM002954.1:1139586-1147014
Sb_unique28,HXT15,YDL245C,present,1,25,55.25,96.12,CM003563.1:241358-250491
Sc_S288C,HXT15,YDL245C,present,1,30,55.06,96.12,NC_001140.6:287147-296282
Sb_ATCC_MYA797,HXT16,YJR158W,present_ambiguous,0,26,55.06,96.12,LRVB01000116.1:229772-238936
Sb_CLPY01,HXT16,YJR158W,present_ambiguous,0,24,54.03,96.12,JXBM01000012.1:267992-277123
Sb_EDRL,HXT16,YJR158W,present_ambiguous,0,25,55.06,96.12,ATCS02000039.1:268610-277744
Sb_KCTC13826BP,HXT16,YJR158W,degraded,0,16,55.41,95.59,JAPJTW010000010.1:284325-289833
Sb_PY0001,HXT16,YJR158W,present_ambiguous,0,25,55.06,96.12,CP097139.1:272650-281782
Sb_strain17,HXT16,YJR158W,degraded,0,24,57.82,97.0,CM002954.1:1139586-1147014
Sb_unique28,HXT16,YJR158W,present_ambiguous,0,25,55.06,96.12,CM003563.1:241358-250491
Sc_S288C,HXT16,YJR158W,present,1,30,54.88,96.12,NC_001140.6:287147-296282
Sb_ATCC_MYA797,HXT17,YNR072W,present,1,26,55.53,98.76,LRVB01000116.1:229772-238930
Sb_CLPY01,HXT17,YNR072W,present_ambiguous,0,24,54.36,98.76,JXBM01000012.1:267998-277123
Sb_EDRL,HXT17,YNR072W,present,1,25,55.53,98.76,ATCS02000039.1:268616-277744
Sb_KCTC13826BP,HXT17,YNR072W,degraded,0,16,55.78,95.92,JAPJTW010000010.1:284349-289809
Sb_PY0001,HXT17,YNR072W,present,1,25,55.53,98.76,CP097139.1:272656-281782
Sb_strain17,HXT17,YNR072W,degraded,0,24,61.89,97.7,CM002954.1:1139571-1147002
Sb_unique28,HXT17,YNR072W,present,1,25,55.53,98.76,CM003563.1:241358-250485
Sc_S288C,HXT17,YNR072W,present,1,30,55.35,98.76,NC_001140.6:287153-296282
Sb_ATCC_MYA797,HXT2,YMR011W,present,1,24,68.4,99.08,LRVB01000116.1:229772-238936
Sb_CLPY01,HXT2,YMR011W,present,1,22,67.68,99.08,JXBM01000012.1:267992-277123
Sb_EDRL,HXT2,YMR011W,present,1,23,68.4,99.08,ATCS02000039.1:268610-277744
Sb_KCTC13826BP,HXT2,YMR011W,degraded,0,15,75.05,99.63,JAPJTW010000010.1:284325-289833
Sb_PY0001,HXT2,YMR011W,present,1,23,68.4,99.08,CP097139.1:272650-281782
Sb_strain17,HXT2,YMR011W,present,1,22,69.23,99.08,CM002954.1:1139610-1146996
Sb_unique28,HXT2,YMR011W,present,1,23,68.4,99.08,CM003563.1:241358-250491
Sc_S288C,HXT2,YMR011W,present,1,28,68.48,99.08,NC_001140.6:287147-296282
Sb_ATCC_MYA797,HXT3,YDR345C,present,1,24,86.14,100.0,LRVB01000116.1:229706-238999
Sb_CLPY01,HXT3,YDR345C,present,1,22,86.14,100.0,JXBM01000012.1:267929-277189
Sb_EDRL,HXT3,YDR345C,present,1,23,86.14,100.0,ATCS02000039.1:268547-277810
Sb_KCTC13826BP,HXT3,YDR345C,degraded,0,16,83.22,100.0,JAPJTW010000013.1:324249-329614
Sb_PY0001,HXT3,YDR345C,present,1,23,86.14,100.0,CP097139.1:272587-281848
Sb_strain17,HXT3,YDR345C,degraded,0,21,100.0,100.0,CM002954.1:1139538-1147035
Sb_unique28,HXT3,YDR345C,present,1,23,86.14,100.0,CM003563.1:241292-250554
Sc_S288C,HXT3,YDR345C,present,1,28,86.14,100.0,NC_001140.6:287084-296348
Sb_ATCC_MYA797,HXT4,YHR092C,present_ambiguous,0,25,99.83,100.0,LRVB01000116.1:229676-238999
Sb_CLPY01,HXT4,YHR092C,present_ambiguous,0,23,97.92,100.0,JXBM01000012.1:267929-277219
Sb_EDRL,HXT4,YHR092C,present_ambiguous,0,24,99.83,100.0,ATCS02000039.1:268547-277840
Sb_KCTC13826BP,HXT4,YHR092C,degraded,0,16,68.5,97.05,JAPJTW010000010.1:284319-289839
Sb_PY0001,HXT4,YHR092C,present_ambiguous,0,24,99.83,100.0,CP097139.1:272587-281878
Sb_strain17,HXT4,YHR092C,present_ambiguous,0,23,99.83,100.0,CM002958.1:267831-277365
Sb_unique28,HXT4,YHR092C,present_ambiguous,0,24,99.83,100.0,CM003563.1:241262-250554
Sc_S288C,HXT4,YHR092C,present_ambiguous,0,30,100.0,100.0,NC_001140.6:287084-296378
Sb_ATCC_MYA797,HXT5,YHR096C,present,1,26,100.0,100.0,LRVB01000116.1:229607-238999
Sb_CLPY01,HXT5,YHR096C,present,1,24,100.0,100.0,JXBM01000012.1:267929-277288
Sb_EDRL,HXT5,YHR096C,present,1,25,100.0,100.0,ATCS02000039.1:268547-277909
Sb_KCTC13826BP,HXT5,YHR096C,degraded,0,16,82.95,91.39,JAPJTW010000013.1:324237-329605
Sb_PY0001,HXT5,YHR096C,present,1,25,100.0,100.0,CP097139.1:272587-281947
Sb_strain17,HXT5,YHR096C,present,1,23,100.0,100.0,CM002958.1:267831-277434
Sb_unique28,HXT5,YHR096C,present,1,25,100.0,100.0,CM003563.1:241193-250554
Sc_S288C,HXT5,YHR096C,present,1,30,100.0,100.0,NC_001140.6:287084-296447
Sb_ATCC_MYA797,HXT6,YDR343C,degraded,0,24,82.47,100.0,LRVB01000116.1:229625-238999
Sb_CLPY01,HXT6,YDR343C,present,1,22,80.56,100.0,JXBM01000012.1:267929-277270
Sb_EDRL,HXT6,YDR343C,present_ambiguous,0,23,82.47,100.0,ATCS02000039.1:268547-277891
Sb_KCTC13826BP,HXT6,YDR343C,degraded,0,16,67.89,99.12,JAPJTW010000010.1:284325-289833
Sb_PY0001,HXT6,YDR343C,present,1,23,82.47,100.0,CP097139.1:272587-281929
Sb_strain17,HXT6,YDR343C,present,2,22,99.65,100.0,CM002954.1:1139538-1147014
Sb_unique28,HXT6,YDR343C,present,1,23,82.47,100.0,CM003563.1:241211-250554
Sc_S288C,HXT6,YDR343C,present_ambiguous,0,28,82.64,100.0,NC_001140.6:287084-296429
Sb_ATCC_MYA797,HXT7,YDR342C,degraded,0,24,82.47,100.0,LRVB01000116.1:229625-238999
Sb_CLPY01,HXT7,YDR342C,present_ambiguous,0,22,80.56,100.0,JXBM01000012.1:267929-277270
Sb_EDRL,HXT7,YDR342C,present_ambiguous,0,23,82.47,100.0,ATCS02000039.1:268547-277891
Sb_KCTC13826BP,HXT7,YDR342C,degraded,0,16,67.89,99.12,JAPJTW010000010.1:284325-289833
Sb_PY0001,HXT7,YDR342C,present_ambiguous,0,23,82.47,100.0,CP097139.1:272587-281929
Sb_strain17,HXT7,YDR342C,present_ambiguous,0,22,99.47,100.0,CM002954.1:1139538-1147014
Sb_unique28,HXT7,YDR342C,present_ambiguous,0,23,82.47,100.0,CM003563.1:241211-250554
Sc_S288C,HXT7,YDR342C,present,1,28,82.64,100.0,NC_001140.6:287084-296429
Sb_ATCC_MYA797,HXT8,YJL214W,present,1,25,68.73,98.42,LRVB01000116.1:229799-238990
Sb_CLPY01,HXT8,YJL214W,present,1,23,67.62,98.42,JXBM01000012.1:267938-277096
Sb_EDRL,HXT8,YJL214W,present,1,24,68.73,98.42,ATCS02000039.1:268556-277717
Sb_KCTC13826BP,HXT8,YJL214W,degraded,0,15,63.95,95.61,JAPJTW010000010.1:284358-289800
Sb_PY0001,HXT8,YJL214W,present,1,24,68.73,98.42,CP097139.1:272596-281755
Sb_strain17,HXT8,YJL214W,present,1,23,70.27,98.42,CM002954.1:1139547-1147002
Sb_unique28,HXT8,YJL214W,present,1,24,68.73,98.42,CM003563.1:241385-250545
Sc_S288C,HXT8,YJL214W,present,1,29,68.91,98.42,NC_001140.6:287093-296255
Sb_ATCC_MYA797,HXT9,YJL219W,degraded,0,25,70.09,99.65,LRVB01000116.1:229682-238990
Sb_CLPY01,HXT9,YJL219W,degraded,0,23,68.14,99.65,JXBM01000012.1:267938-277213
Sb_EDRL,HXT9,YJL219W,degraded,0,24,70.09,99.65,ATCS02000039.1:268556-277834
Sb_KCTC13826BP,HXT9,YJL219W,degraded,0,16,65.43,98.41,JAPJTW010000010.1:284328-289830
Sb_PY0001,HXT9,YJL219W,degraded,0,24,70.09,99.65,CP097139.1:272596-281872
Sb_strain17,HXT9,YJL219W,degraded,0,23,71.23,99.29,CM002954.1:1139541-1147005
Sb_unique28,HXT9,YJL219W,degraded,0,24,70.09,99.65,CM003563.1:241268-250545
Sc_S288C,HXT9,YJL219W,present,1,29,70.27,99.65,NC_001140.6:287093-296372
Sb_ATCC_MYA797,IMA1,YGR287C,present,1,3,99.81,88.29,LRVB01000322.1:3434-4993
Sb_CLPY01,IMA1,YGR287C,present,1,3,98.54,93.04,JXBM01000002.1:1040630-1042273
Sb_EDRL,IMA1,YGR287C,present,1,3,99.08,92.53,ATCS02000013.1:4653-6287
Sb_KCTC13826BP,IMA1,YGR287C,absent,0,0,0.0,0.0,
Sb_PY0001,IMA1,YGR287C,present,1,4,98.54,93.04,CP097138.1:1042086-1043729
Sb_strain17,IMA1,YGR287C,present,1,3,99.08,92.53,CM002957.1:999715-1001349
Sb_unique28,IMA1,YGR287C,present,1,4,98.54,93.04,CM003562.1:15045-16688
Sc_S288C,IMA1,YGR287C,present,1,7,100.0,100.0,NC_001139.9:1067225-1068991
Sb_ATCC_MYA797,IMA2,YOL157C,degraded,0,3,92.5,88.29,LRVB01000322.1:3434-4993
Sb_CLPY01,IMA2,YOL157C,degraded,0,3,91.61,93.04,JXBM01000002.1:1040630-1042273
Sb_EDRL,IMA2,YOL157C,degraded,0,3,92.61,91.85,ATCS02000013.1:4665-6287
Sb_KCTC13826BP,IMA2,YOL157C,absent,0,0,0.0,0.0,
Sb_PY0001,IMA2,YOL157C,degraded,0,4,91.61,93.04,CP097138.1:1042086-1043729
Sb_strain17,IMA2,YOL157C,degraded,0,3,92.58,91.51,CM002957.1:999715-1001331
Sb_unique28,IMA2,YOL157C,degraded,0,4,91.61,93.04,CM003562.1:15045-16688
Sc_S288C,IMA2,YOL157C,present,1,7,100.0,100.0,NC_001147.6:22528-24294
Sb_ATCC_MYA797,IMA3,YIL172C,degraded,0,3,92.31,88.29,LRVB01000322.1:3434-4993
Sb_CLPY01,IMA3,YIL172C,degraded,0,3,91.42,93.04,JXBM01000002.1:1040630-1042273
Sb_EDRL,IMA3,YIL172C,degraded,0,3,92.42,91.85,ATCS02000013.1:4665-6287
Sb_KCTC13826BP,IMA3,YIL172C,absent,0,0,0.0,0.0,
Sb_PY0001,IMA3,YIL172C,degraded,0,4,91.42,93.04,CP097138.1:1042086-1043729
Sb_strain17,IMA3,YIL172C,degraded,0,3,92.39,91.51,CM002957.1:999715-1001331
Sb_unique28,IMA3,YIL172C,degraded,0,4,91.42,93.04,CM003562.1:15045-16688
Sc_S288C,IMA3,YIL172C,present,2,7,100.0,100.0,NC_001142.9:16770-18536
Sb_ATCC_MYA797,IMA4,YJL221C,degraded,0,3,92.31,88.29,LRVB01000322.1:3434-4993
Sb_CLPY01,IMA4,YJL221C,degraded,0,3,91.42,93.04,JXBM01000002.1:1040630-1042273
Sb_EDRL,IMA4,YJL221C,degraded,0,3,92.42,91.85,ATCS02000013.1:4665-6287
Sb_KCTC13826BP,IMA4,YJL221C,absent,0,0,0.0,0.0,
Sb_PY0001,IMA4,YJL221C,degraded,0,4,91.42,93.04,CP097138.1:1042086-1043729
Sb_strain17,IMA4,YJL221C,degraded,0,3,92.39,91.51,CM002957.1:999715-1001331
Sb_unique28,IMA4,YJL221C,degraded,0,4,91.42,93.04,CM003562.1:15045-16688
Sc_S288C,IMA4,YJL221C,present,2,7,100.0,100.0,NC_001142.9:16770-18536
Sb_ATCC_MYA797,IMA5,YJL216C,present,1,3,95.7,100.0,LRVB01000320.1:17600-19342
Sb_CLPY01,IMA5,YJL216C,present,1,3,95.7,100.0,JXBM01000009.1:691573-693315
Sb_EDRL,IMA5,YJL216C,present,1,3,95.7,100.0,ATCS02000047.1:90688-92430
Sb_KCTC13826BP,IMA5,YJL216C,degraded,0,1,35.13,12.56,JAPJTW010000002.1:1033255-1033476
Sb_PY0001,IMA5,YJL216C,present,1,4,95.7,100.0,CP097141.1:29012-30754
Sb_strain17,IMA5,YJL216C,present,1,3,95.7,100.0,CM002960.1:874-2616
Sb_unique28,IMA5,YJL216C,present,1,4,95.7,100.0,CM003564.1:699169-700911
Sc_S288C,IMA5,YJL216C,present,1,7,100.0,100.0,NC_001142.9:24344-26086
Sb_ATCC_MYA797,MAL11,YGR289C,degraded,0,17,57.85,94.81,LRVB01000050.1:831-2564
Sb_CLPY01,MAL11,YGR289C,degraded,0,16,58.02,94.81,JXBM01000018.1:8609-10342
Sb_EDRL,MAL11,YGR289C,degraded,0,19,55.03,94.81,ATCS02000001.1:3185-4915
Sb_KCTC13826BP,MAL11,YGR289C,degraded,0,11,24.91,93.83,JAPJTW010000013.1:324267-329503
Sb_PY0001,MAL11,YGR289C,degraded,0,18,58.02,94.81,CP097133.1:782421-784154
Sb_strain17,MAL11,YGR289C,degraded,0,16,55.03,94.81,JPJH02000409.1:3094-4824
Sb_unique28,MAL11,YGR289C,degraded,0,18,58.02,94.81,CM003558.1:782284-784017
Sc_S288C,MAL11,YGR289C,present,1,23,100.0,100.0,NC_001139.9:1073966-1075813
Sb_ATCC_MYA797,MAL12,YGR292W,present_ambiguous,0,3,99.66,100.0,LRVB01000005.1:53-1804
Sb_CLPY01,MAL12,YGR292W,present_ambiguous,0,3,99.49,100.0,JXBM01000018.1:5978-7729
Sb_EDRL,MAL12,YGR292W,present_ambiguous,0,3,99.66,100.0,ATCS02000071.1:3289-5040
Sb_KCTC13826BP,MAL12,YGR292W,degraded,0,1,35.13,12.5,JAPJTW010000002.1:1033255-1033476
Sb_PY0001,MAL12,YGR292W,present_ambiguous,0,4,99.66,100.0,CP097133.1:785031-786782
Sb_strain17,MAL12,YGR292W,present_ambiguous,0,3,99.49,100.0,CM002952.1:809977-811728
Sb_unique28,MAL12,YGR292W,present_ambiguous,0,4,99.66,100.0,CM003558.1:784894-786645
Sc_S288C,MAL12,YGR292W,present,1,7,100.0,100.0,NC_001139.9:1076599-1078350
Sb_ATCC_MYA797,MAL13,YGR288W,degraded,0,7,72.29,88.16,LRVB01000322.1:6-2123
Sb_CLPY01,MAL13,YGR288W,degraded,0,6,71.71,85.62,JXBM01000002.1:1043477-1045558
Sb_EDRL,MAL13,YGR288W,degraded,0,6,71.09,99.15,ATCS02000013.1:1168-3441
Sb_KCTC13826BP,MAL13,YGR288W,degraded,0,1,61.29,6.55,JAPJTW010000008.1:930618-930710
Sb_PY0001,MAL13,YGR288W,degraded,0,6,71.09,99.15,CP097138.1:1044933-1047206
Sb_strain17,MAL13,YGR288W,degraded,0,6,68.31,98.73,CM002952.1:804577-806272
Sb_unique28,MAL13,YGR288W,degraded,0,6,71.09,99.15,CM003562.1:11568-13841
Sc_S288C,MAL13,YGR288W,present,1,6,100.0,100.0,NC_001139.9:1070293-1071711
Sb_ATCC_MYA797,MAL31,YBR298C,present,1,19,99.84,100.0,LRVB01000050.1:831-2672
Sb_CLPY01,MAL31,YBR298C,present,1,18,100.0,100.0,JXBM01000018.1:8609-10450
Sb_EDRL,MAL31,YBR298C,degraded,0,21,99.79,78.66,ATCS02000071.1:5917-7365
Sb_KCTC13826BP,MAL31,YBR298C,degraded,0,13,22.1,83.06,JAPJTW010000010.1:284340-289818
Sb_PY0001,MAL31,YBR298C,present,2,20,100.0,100.0,CP097133.1:782313-784154
Sb_strain17,MAL31,YBR298C,present,1,18,99.31,100.0,CM002952.1:806978-809005
Sb_unique28,MAL31,YBR298C,present,2,20,100.0,100.0,CM003558.1:782176-784017
Sc_S288C,MAL31,YBR298C,present,1,25,100.0,100.0,NC_001134.8:802634-804475
Sb_ATCC_MYA797,MAL32,YBR299W,present,1,3,100.0,100.0,LRVB01000005.1:53-1804
Sb_CLPY01,MAL32,YBR299W,present,1,3,99.83,100.0,JXBM01000018.1:5978-7729
Sb_EDRL,MAL32,YBR299W,present,1,3,100.0,100.0,ATCS02000071.1:3289-5040
Sb_KCTC13826BP,MAL32,YBR299W,degraded,0,1,35.13,12.5,JAPJTW010000002.1:1033255-1033476
Sb_PY0001,MAL32,YBR299W,present,2,4,100.0,100.0,CP097133.1:785031-786782
Sb_strain17,MAL32,YBR299W,present,1,3,99.83,100.0,CM002952.1:809977-811728
Sb_unique28,MAL32,YBR299W,present,2,4,100.0,100.0,CM003558.1:784894-786645
Sc_S288C,MAL32,YBR299W,present,1,7,100.0,100.0,NC_001134.8:805351-807102
Sb_ATCC_MYA797,MAL33,YBR297W,present,1,7,98.56,89.1,LRVB01000236.1:100223-101473
Sb_CLPY01,MAL33,YBR297W,present,1,7,98.58,90.17,JXBM01000007.1:1-1266
Sb_EDRL,MAL33,YBR297W,present,1,6,98.5,100.0,ATCS02000019.1:589901-591304
Sb_KCTC13826BP,MAL33,YBR297W,degraded,0,2,48.84,9.19,JAPJTW010000007.1:863263-863391
Sb_PY0001,MAL33,YBR297W,present,1,6,98.5,100.0,CP097133.1:780204-781607
Sb_strain17,MAL33,YBR297W,present,2,6,98.73,100.0,CM002952.1:804574-806272
Sb_unique28,MAL33,YBR297W,present,1,6,98.5,100.0,CM003558.1:780067-781470
Sc_S288C,MAL33,YBR297W,present,1,6,100.0,100.0,NC_001134.8:800523-801926
Sb_ATCC_MYA797,PAU15,YIR041W,present,4,15,90.83,96.77,LRVB01000255.1:29801-32252
Sb_CLPY01,PAU15,YIR041W,present,4,16,99.19,100.0,JXBM01000019.1:7977-8348
Sb_EDRL,PAU15,YIR041W,present,4,18,99.19,100.0,ATCS02000012.1:7192-7563
Sb_KCTC13826BP,PAU15,YIR041W,degraded,0,5,50.47,86.29,JAPJTW010000011.1:15357-15671
Sb_PY0001,PAU15,YIR041W,present,6,24,99.19,100.0,CP097144.1:907597-907968
Sb_strain17,PAU15,YIR041W,present,3,13,94.36,100.0,CM002946.1:202408-202779
Sb_unique28,PAU15,YIR041W,present,6,26,99.19,100.0,CM003567.1:907269-907640
Sc_S288C,PAU15,YIR041W,present,7,29,100.0,100.0,NC_001141.2:433929-434300
Sb_ATCC_MYA797,PAU16,YKL224C,present,1,15,91.06,100.0,LRVB01000255.1:29792-32252
Sb_CLPY01,PAU16,YKL224C,present,3,16,99.17,97.56,JXBM01000019.1:7977-8336
Sb_EDRL,PAU16,YKL224C,present,2,18,99.17,97.56,ATCS02000012.1:7192-7551
Sb_KCTC13826BP,PAU16,YKL224C,degraded,0,5,50.0,84.55,JAPJTW010000011.1:15366-15671
Sb_PY0001,PAU16,YKL224C,present,2,24,99.17,97.56,CP097144.1:907597-907956
Sb_strain17,PAU16,YKL224C,present,3,13,95.83,97.56,CM002946.1:202420-202779
Sb_unique28,PAU16,YKL224C,present,3,26,99.17,97.56,CM003567.1:907269-907628
Sc_S288C,PAU16,YKL224C,present,3,29,100.0,100.0,NC_001143.9:1813-2181
Sb_ATCC_MYA797,PGK1,YCR012W,present,1,1,100.0,100.0,LRVB01000149.1:59381-60628
Sb_CLPY01,PGK1,YCR012W,present,1,1,100.0,100.0,JXBM01000015.1:177400-178647
Sb_EDRL,PGK1,YCR012W,present,1,1,100.0,100.0,ATCS02000063.1:59262-60509
Sb_KCTC13826BP,PGK1,YCR012W,present,1,1,94.46,99.76,JAPJTW010000001.1:642158-643402
Sb_PY0001,PGK1,YCR012W,present,1,1,100.0,100.0,CP097134.1:137559-138806
Sb_strain17,PGK1,YCR012W,present,1,1,99.76,100.0,CM002953.1:126804-128051
Sb_unique28,PGK1,YCR012W,present,1,1,100.0,100.0,CM003559.1:177534-178781
Sc_S288C,PGK1,YCR012W,present,1,1,100.0,100.0,NC_001135.5:137746-138993
Sb_ATCC_MYA797,PMA1,YGL008C,present,2,9,99.78,100.0,LRVB01000266.1:112113-114866
Sb_CLPY01,PMA1,YGL008C,present,2,9,99.67,100.0,JXBM01000002.1:487124-489877
Sb_EDRL,PMA1,YGL008C,present,2,9,99.78,100.0,ATCS02000013.1:555641-558394
Sb_KCTC13826BP,PMA1,YGL008C,present,1,7,90.85,95.21,JAPJTW010000013.1:448407-454808
Sb_PY0001,PMA1,YGL008C,present,2,9,99.78,100.0,CP097138.1:489921-492674
Sb_strain17,PMA1,YGL008C,present,2,9,99.56,100.0,CM002957.1:446977-449730
Sb_unique28,PMA1,YGL008C,present,2,9,99.78,100.0,CM003562.1:566106-568859
Sc_S288C,PMA1,YGL008C,present,2,9,100.0,100.0,NC_001139.9:479913-482666
Sb_ATCC_MYA797,REE1,YJL217W,absent,0,0,0.0,0.0,
Sb_CLPY01,REE1,YJL217W,absent,0,0,0.0,0.0,
Sb_EDRL,REE1,YJL217W,absent,0,0,0.0,0.0,
Sb_KCTC13826BP,REE1,YJL217W,absent,0,0,0.0,0.0,
Sb_PY0001,REE1,YJL217W,absent,0,0,0.0,0.0,
Sb_strain17,REE1,YJL217W,absent,0,0,0.0,0.0,
Sb_unique28,REE1,YJL217W,absent,0,0,0.0,0.0,
Sc_S288C,REE1,YJL217W,present,1,1,100.0,100.0,NC_001142.9:23133-23726
Sb_ATCC_MYA797,SUC2,YIL162W,present,1,1,99.44,100.0,LRVB01000319.1:12393-13988
Sb_CLPY01,SUC2,YIL162W,present,1,1,99.44,100.0,JXBM01000013.1:12582-14177
Sb_EDRL,SUC2,YIL162W,present,1,1,99.44,100.0,ATCS02000042.1:13800-15395
Sb_KCTC13826BP,SUC2,YIL162W,absent,0,0,0.0,0.0,
Sb_PY0001,SUC2,YIL162W,present,1,1,99.44,100.0,CP097140.1:21425-23020
Sb_strain17,SUC2,YIL162W,present,1,1,99.44,100.0,CM002959.1:12165-13760
Sb_unique28,SUC2,YIL162W,present,1,1,99.44,100.0,CM003553.1:275954-277549
Sc_S288C,SUC2,YIL162W,present,1,1,100.0,100.0,NC_001141.2:37385-38980
Sb_ATCC_MYA797,TDA8,YAL064C-A,degraded,0,5,87.5,95.24,LRVB01000128.1:11574-11933
Sb_CLPY01,TDA8,YAL064C-A,degraded,0,5,84.17,95.24,JXBM01000016.1:11281-11640
Sb_EDRL,TDA8,YAL064C-A,degraded,0,6,85.0,95.24,ATCS02000039.1:507349-507708
Sb_KCTC13826BP,TDA8,YAL064C-A,degraded,0,15,30.77,92.06,JAPJTW010000005.1:1029520-1034607
Sb_PY0001,TDA8,YAL064C-A,degraded,0,6,87.5,95.24,CP097132.1:198697-199056
Sb_strain17,TDA8,YAL064C-A,degraded,0,5,85.0,95.24,CM002958.1:505345-505704
Sb_unique28,TDA8,YAL064C-A,degraded,0,7,87.5,95.24,CM003557.1:198817-199176
Sc_S288C,TDA8,YAL064C-A,present,1,7,100.0,100.0,NC_001133.9:13366-13743
Sb_ATCC_MYA797,TDH3,YGR192C,present,2,4,99.4,100.0,LRVB01000322.1:188473-189468
Sb_CLPY01,TDH3,YGR192C,present,3,3,99.4,100.0,JXBM01000002.1:856303-857298
Sb_EDRL,TDH3,YGR192C,present,2,3,99.4,100.0,ATCS02000013.1:189340-190335
Sb_KCTC13826BP,TDH3,YGR192C,present,1,2,93.05,99.7,JAPJTW010000007.1:910463-911455
Sb_PY0001,TDH3,YGR192C,present,2,3,99.4,100.0,CP097138.1:858018-859013
Sb_strain17,TDH3,YGR192C,present,2,3,99.4,100.0,CM002957.1:814817-815812
Sb_unique28,TDH3,YGR192C,present,2,3,99.4,100.0,CM003562.1:199762-200757
Sc_S288C,TDH3,YGR192C,present,2,3,100.0,100.0,NC_001139.9:882815-883810
Sb_ATCC_MYA797,TPS1,YBR126C,present,1,4,100.0,100.0,LRVB01000315.1:101504-102988
Sb_CLPY01,TPS1,YBR126C,present,1,4,100.0,100.0,JXBM01000007.1:311011-312495
Sb_EDRL,TPS1,YBR126C,present,1,4,100.0,100.0,ATCS02000019.1:278747-280231
Sb_KCTC13826BP,TPS1,YBR126C,degraded,0,4,86.75,94.55,JAPJTW010000004.1:1021015-1022415
Sb_PY0001,TPS1,YBR126C,present,1,4,100.0,100.0,CP097133.1:469010-470494
Sb_strain17,TPS1,YBR126C,present,1,4,100.0,100.0,CM002952.1:494248-495732
Sb_unique28,TPS1,YBR126C,present,1,4,100.0,100.0,CM003558.1:468897-470381
Sc_S288C,TPS1,YBR126C,present,1,4,100.0,100.0,NC_001134.8:488908-490392
Sb_ATCC_MYA797,TRR1,YDR353W,present,1,2,100.0,100.0,LRVB01000102.1:22009-22965
Sb_CLPY01,TRR1,YDR353W,present,1,2,100.0,100.0,JXBM01000001.1:1163570-1164526
Sb_EDRL,TRR1,YDR353W,present,1,2,100.0,100.0,ATCS02000007.1:27900-28856
Sb_KCTC13826BP,TRR1,YDR353W,degraded,0,2,88.4,100.0,JAPJTW010000005.1:96627-97583
Sb_PY0001,TRR1,YDR353W,present,1,2,100.0,100.0,CP097135.1:1172981-1173937
Sb_strain17,TRR1,YDR353W,present,1,2,100.0,100.0,CM002954.1:1165673-1166629
Sb_unique28,TRR1,YDR353W,present,1,2,100.0,100.0,CM003560.1:342795-343751
Sc_S288C,TRR1,YDR353W,present,1,2,100.0,100.0,NC_001136.10:1183299-1184255
Sb_ATCC_MYA797,VAM10,YOR068C,present,1,1,100.0,100.0,LRVB01000224.1:419529-419870
Sb_CLPY01,VAM10,YOR068C,present,1,1,100.0,100.0,JXBM01000003.1:623076-623417
Sb_EDRL,VAM10,YOR068C,present,1,1,100.0,100.0,ATCS02000015.1:416767-417108
Sb_KCTC13826BP,VAM10,YOR068C,absent,0,0,0.0,0.0,
Sb_PY0001,VAM10,YOR068C,present,1,1,100.0,100.0,CP097146.1:422495-422836
Sb_strain17,VAM10,YOR068C,present,1,1,100.0,100.0,CM002949.1:425140-425481
Sb_unique28,VAM10,YOR068C,present,1,1,100.0,100.0,CM003569.1:631698-632039
Sc_S288C,VAM10,YOR068C,present,1,1,100.0,100.0,NC_001147.6:453872-454213
Sb_ATCC_MYA797,VTH1,YIL173W,degraded,0,4,78.36,100.0,LRVB01000192.1:19695-24377
Sb_CLPY01,VTH1,YIL173W,degraded,0,3,78.36,100.0,JXBM01000008.1:726449-731131
Sb_EDRL,VTH1,YIL173W,degraded,0,3,78.36,100.0,ATCS02000066.1:21739-26421
Sb_KCTC13826BP,VTH1,YIL173W,degraded,0,2,44.19,94.71,JAPJTW010000004.1:436855-441219
Sb_PY0001,VTH1,YIL173W,degraded,0,3,78.36,100.0,CP097145.1:744931-749613
Sb_strain17,VTH1,YIL173W,degraded,0,3,78.36,100.0,CM002948.1:714834-719516
Sb_unique28,VTH1,YIL173W,degraded,0,3,78.36,100.0,CM003568.1:31718-36400
Sc_S288C,VTH1,YIL173W,present,1,5,100.0,100.0,NC_001141.2:11492-16138
Sb_ATCC_MYA797,VTH2,YJL222W,degraded,0,4,78.42,100.0,LRVB01000192.1:19695-24377
Sb_CLPY01,VTH2,YJL222W,degraded,0,3,78.42,100.0,JXBM01000008.1:726449-731131
Sb_EDRL,VTH2,YJL222W,degraded,0,3,78.42,100.0,ATCS02000066.1:21739-26421
Sb_KCTC13826BP,VTH2,YJL222W,degraded,0,2,44.19,94.71,JAPJTW010000004.1:436855-441219
Sb_PY0001,VTH2,YJL222W,degraded,0,3,78.42,100.0,CP097145.1:744931-749613
Sb_strain17,VTH2,YJL222W,degraded,0,3,78.42,100.0,CM002948.1:714834-719516
Sb_unique28,VTH2,YJL222W,degraded,0,3,78.42,100.0,CM003568.1:31718-36400
Sc_S288C,VTH2,YJL222W,present,1,5,100.0,100.0,NC_001142.9:11475-16121
