pH,k_leak,ngam_base,ngam_extra,ngam_total,pH_cytosol,pump_cost_kJ_per_mol,mu
1.5,0.002,0.7,0.06324535094386581,0.7632453509438658,6.995121062556256,50.0,0.02504030159562965
1.75,0.002,0.7,0.03556538820077846,0.7355653882007784,7.0,48.54435197932499,0.025254190312171684
2.0,0.002,0.7,0.0199998,0.7199998,7.0,47.05973045649999,0.02537445158313711
2.25,0.002,0.7,0.011246626503806981,0.711246626503807,7.0,45.575108933675004,0.025442087936781137
2.5,0.002,0.7,0.00632435532033676,0.7063243553203367,7.0,44.090487410849995,0.025480122653520648
2.75,0.002,0.7,0.0035563588200778454,0.7035563588200778,7.0,42.605865888025,0.025501510910072783
3.0,0.002,0.7,0.0019998,0.7019998,7.0,41.12124436519999,0.02551353854346723
3.25,0.002,0.7,0.0011244826503806983,0.7011244826503806,7.0,39.636622842375,0.02552030241540537
3.5,0.002,0.7,0.000632255532033676,0.7006322555320337,7.0,38.152001319549996,0.025524105887079953
3.75,0.002,0.7,0.00035545588200778453,0.7003554558820078,7.0,36.667379796725,0.025526244736380654
4.0,0.002,0.7,0.0001998,0.7001997999999999,7.0,35.18275827389999,0.025527447499730623
4.25,0.002,0.7,0.00011226826503806981,0.700112268265038,7.0,33.698136751075,0.025528123863267766
4.5,0.002,0.7,6.304555320336759e-05,0.7000630455532033,7.0,32.213515228249996,0.025528504210435125
4.75,0.002,0.7,3.536558820077846e-05,0.7000353655882008,7.0,30.728893705424998,0.025528718095365527
5.0,0.002,0.7,1.9800000000000004e-05,0.7000198,7.0,29.2442721826,0.02552883837169966
5.25,0.002,0.7,1.1046826503806984e-05,0.7000110468265037,7.0,27.759650659774998,0.0255289060080538
5.5,0.002,0.7,6.124555320336759e-06,0.7000061245553203,7.0,26.275029136949996,0.025528944042770424
5.75,0.002,0.7,3.356558820077846e-06,0.7000033565588201,7.0,24.790407614124998,0.025528965431263984
6.0,0.002,0.7,1.8e-06,0.7000018,7.0,23.305786091299996,0.02552897745889695
6.25,0.002,0.7,9.246826503806981e-07,0.7000009246826503,7.0,21.821164568474998,0.025528984222532306
6.5,0.002,0.7,4.3245553203367585e-07,0.700000432455532,7.0,20.33654304565,0.025528988026004097
6.75,0.002,0.7,1.5565588200778455e-07,0.7000001556558819,7.0,18.851921522825,0.025528990164853185
7.0,0.002,0.7,0.0,0.7,7.0,17.3673,0.025528991367616227
7.25,0.002,0.7,-8.753173496193018e-08,0.699999912468265,7.0,15.882678477174998,0.025528992043980334
7.5,0.002,0.7,-1.367544467966324e-07,0.6999998632455532,7.0,14.398056954349999,0.025528992424326772
1.5,0.005,0.7,0.15811337735966452,0.8581133773596645,6.995121062556256,50.0,0.024307238787068006
1.75,0.005,0.7,0.08891347050194616,0.7889134705019462,7.0,48.54435197932499,0.024841951068779372
2.0,0.005,0.7,0.04999950000000001,0.7499994999999999,7.0,47.05973045649999,0.02514264190641844
2.25,0.005,0.7,0.028116566259517452,0.7281165662595174,7.0,45.575108933675004,0.02531173279066084
2.5,0.005,0.7,0.015810888300841895,0.7158108883008418,7.0,44.090487410849995,0.0254068195823771
2.75,0.005,0.7,0.008890897050194614,0.7088908970501946,7.0,42.605865888025,0.025460290814922792
3.0,0.005,0.7,0.0049995000000000005,0.7049995,7.0,41.12124436519999,0.025490359898676537
3.25,0.005,0.7,0.002811206625951746,0.7028112066259518,7.0,39.636622842375,0.025507268987088008
3.5,0.005,0.7,0.0015806388300841898,0.7015806388300841,7.0,38.152001319549996,0.025516777666272607
3.75,0.005,0.7,0.0008886397050194613,0.7008886397050195,7.0,36.667379796725,0.025522124789526545
4.0,0.005,0.7,0.0004995,0.7004994999999999,7.0,35.18275827389999,0.025525131697902374
4.25,0.005,0.7,0.00028067066259517454,0.7002806706625951,7.0,33.698136751075,0.025526822606770173
4.5,0.005,0.7,0.00015761388300841898,0.7001576138830083,7.0,32.213515228249996,0.025527773474662157
4.75,0.005,0.7,8.841397050194615e-05,0.7000884139705019,7.0,30.728893705424998,0.025528308186987536
5.0,0.005,0.7,4.95e-05,0.7000495,7.0,29.2442721826,0.025528608877825407
5.25,0.005,0.7,2.7617066259517458e-05,0.7000276170662595,7.0,27.759650659774998,0.025528777968709473
5.5,0.005,0.7,1.53113883008419e-05,0.7000153113883008,7.0,26.275029136949996,0.025528873055501358
5.75,0.005,0.7,8.391397050194614e-06,0.7000083913970502,7.0,24.790407614124998,0.02552892652673353
6.0,0.005,0.7,4.5e-06,0.7000044999999999,7.0,23.305786091299996,0.02552895659581766
6.25,0.005,0.7,2.3117066259517453e-06,0.7000023117066259,7.0,21.821164568474998,0.025528973504905697
6.5,0.005,0.7,1.0811388300841897e-06,0.7000010811388301,7.0,20.33654304565,0.025528983013584902
6.75,0.005,0.7,3.8913970501946137e-07,0.700000389139705,7.0,18.851921522825,0.025528988360707584
7.0,0.005,0.7,0.0,0.7,7.0,17.3673,0.025528991367616802
7.25,0.005,0.7,-2.1882933740482546e-07,0.6999997811706625,7.0,15.882678477174998,0.025528993058525837
7.5,0.005,0.7,-3.41886116991581e-07,0.699999658113883,7.0,14.398056954349999,0.025528994009393676
1.5,0.01,0.7,0.31622675471932904,1.0162267547193289,6.995121062556256,50.0,0.023085486206519734
1.75,0.01,0.7,0.17782694100389232,0.8778269410038922,7.0,48.54435197932499,0.02415491076994316
2.0,0.01,0.7,0.09999900000000002,0.799999,7.0,47.05973045649999,0.024756292445220745
2.25,0.01,0.7,0.056233132519034904,0.7562331325190349,7.0,45.575108933675004,0.025094474213440545
2.5,0.01,0.7,0.03162177660168379,0.7316217766016837,7.0,44.090487410849995,0.02528464779713705
2.75,0.01,0.7,0.017781794100389228,0.7177817941003892,7.0,42.605865888025,0.02539159026220895
3.0,0.01,0.7,0.009999000000000001,0.7099989999999999,7.0,41.12124436519999,0.025451728429737055
3.25,0.01,0.7,0.005622413251903492,0.7056224132519034,7.0,39.636622842375,0.025485546606558777
3.5,0.01,0.7,0.0031612776601683797,0.7031612776601683,7.0,38.152001319549996,0.025504563964929318
3.75,0.01,0.7,0.0017772794100389226,0.7017772794100389,7.0,36.667379796725,0.025515258211436524
4.0,0.01,0.7,0.000999,0.7009989999999999,7.0,35.18275827389999,0.025521272028188064
4.25,0.01,0.7,0.0005613413251903491,0.7005613413251903,7.0,33.698136751075,0.02552465384587131
4.5,0.01,0.7,0.00031522776601683797,0.7003152277660168,7.0,32.213515228249996,0.02552655558170809
4.75,0.01,0.7,0.0001768279410038923,0.7001768279410039,7.0,30.728893705424998,0.025527625006358187
5.0,0.01,0.7,9.9e-05,0.7000989999999999,7.0,29.2442721826,0.025528226388033655
5.25,0.01,0.7,5.5234132519034917e-05,0.700055234132519,7.0,27.759650659774998,0.025528564569802188
5.5,0.01,0.7,3.06227766016838e-05,0.7000306227766017,7.0,26.275029136949996,0.025528754743387776
5.75,0.01,0.7,1.678279410038923e-05,0.7000167827941003,7.0,24.790407614124998,0.02552886168585092
6.0,0.01,0.7,9e-06,0.700009,7.0,23.305786091299996,0.02552892182401844
6.25,0.01,0.7,4.623413251903491e-06,0.7000046234132519,7.0,21.821164568474998,0.025528955642195015
6.5,0.01,0.7,2.1622776601683794e-06,0.7000021622776601,7.0,20.33654304565,0.025528974659553248
6.75,0.01,0.7,7.782794100389227e-07,0.70000077827941,7.0,18.851921522825,0.025528985353799744
7.0,0.01,0.7,0.0,0.7,7.0,17.3673,0.025528991367616844
7.25,0.01,0.7,-4.376586748096509e-07,0.6999995623413251,7.0,15.882678477174998,0.025528994749415845
7.5,0.01,0.7,-6.83772233983162e-07,0.699999316227766,7.0,14.398056954349999,0.025528996651170553
1.5,0.02,0.7,0.6324535094386581,1.332453509438658,6.995121062556256,50.0,0.020641981045422246
1.75,0.02,0.7,0.35565388200778464,1.0556538820077845,7.0,48.54435197932499,0.022780830172269593
2.0,0.02,0.7,0.19999800000000004,0.899998,7.0,47.05973045649999,0.023983593522823796
2.25,0.02,0.7,0.11246626503806981,0.8124662650380697,7.0,45.575108933675004,0.024659957059265384
2.5,0.02,0.7,0.06324355320336758,0.7632435532033676,7.0,44.090487410849995,0.02504030422665714
2.75,0.02,0.7,0.035563588200778457,0.7355635882007784,7.0,42.605865888025,0.02525418915680213
3.0,0.02,0.7,0.019998000000000002,0.7199979999999999,7.0,41.12124436519999,0.025374465491857408
3.25,0.02,0.7,0.011244826503806983,0.7112448265038069,7.0,39.636622842375,0.02544210184550158
3.5,0.02,0.7,0.006322555320336759,0.7063225553203367,7.0,38.152001319549996,0.02548013656224032
3.75,0.02,0.7,0.0035545588200778452,0.7035545588200778,7.0,36.667379796725,0.025501525055254933
4.0,0.02,0.7,0.001998,0.701998,7.0,35.18275827389999,0.02551355268876103
4.25,0.02,0.7,0.0011226826503806981,0.7011226826503807,7.0,33.698136751075,0.025520316324125217
4.5,0.02,0.7,0.0006304555320336759,0.7006304555320336,7.0,32.213515228249996,0.025524119795798706
4.75,0.02,0.7,0.0003536558820077846,0.7003536558820077,7.0,30.728893705424998,0.02552625864510084
5.0,0.02,0.7,0.000198,0.700198,7.0,29.2442721826,0.02552746140845036
5.25,0.02,0.7,0.00011046826503806983,0.700110468265038,7.0,27.759650659774998,0.02552813777198765
5.5,0.02,0.7,6.12455532033676e-05,0.7000612455532034,7.0,26.275029136949996,0.025528518119154364
5.75,0.02,0.7,3.356558820077846e-05,0.7000335655882007,7.0,24.790407614124998,0.025528732004084873
6.0,0.02,0.7,1.8e-05,0.7000179999999999,7.0,23.305786091299996,0.025528852280420268
6.25,0.02,0.7,9.246826503806981e-06,0.7000092468265038,7.0,21.821164568474998,0.025528919916774313
6.5,0.02,0.7,4.324555320336759e-06,0.7000043245553202,7.0,20.33654304565,0.02552895795148996
6.75,0.02,0.7,1.5565588200778455e-06,0.70000155655882,7.0,18.851921522825,0.025528979339983073
7.0,0.02,0.7,0.0,0.7,7.0,17.3673,0.025528991367617743
7.25,0.02,0.7,-8.753173496193018e-07,0.6999991246826504,7.0,15.882678477174998,0.02552899813125164
7.5,0.02,0.7,-1.367544467966324e-06,0.699998632455532,7.0,14.398056954349999,0.025529001934723638
1.5,0.05,0.7,1.5811337735966453,2.281133773596645,6.995121062556256,50.0,0.013090754728845008
1.75,0.05,0.7,0.8891347050194616,1.5891347050194615,7.0,48.54435197932499,0.018658588379250024
2.0,0.05,0.7,0.499995,1.199995,7.0,47.05973045649999,0.021665496755634464
2.25,0.05,0.7,0.2811656625951745,0.9811656625951745,7.0,45.575108933675004,0.02335640559673886
2.5,0.05,0.7,0.158108883008419,0.8581088830084189,7.0,44.090487410849995,0.024307273515218948
2.75,0.05,0.7,0.08890897050194614,0.7889089705019461,7.0,42.605865888025,0.02484198584057898
3.0,0.05,0.7,0.049995,0.749995,7.0,41.12124436519999,0.025142676678217946
3.25,0.05,0.7,0.02811206625951746,0.7281120662595174,7.0,39.636622842375,0.025311767562328467
3.5,0.05,0.7,0.015806388300841898,0.7158063883008419,7.0,38.152001319549996,0.025406854354176153
3.75,0.05,0.7,0.008886397050194613,0.7088863970501945,7.0,36.667379796725,0.025460325586712528
4.0,0.05,0.7,0.004995,0.7049949999999999,7.0,35.18275827389999,0.025490394670476098
4.25,0.05,0.7,0.0028067066259517453,0.7028067066259517,7.0,33.698136751075,0.02550730375888658
4.5,0.05,0.7,0.0015761388300841897,0.7015761388300842,7.0,32.213515228249996,0.025516812438071693
4.75,0.05,0.7,0.0008841397050194615,0.7008841397050194,7.0,30.728893705424998,0.025522159561325742
5.0,0.05,0.7,0.000495,0.700495,7.0,29.2442721826,0.02552516646970161
5.25,0.05,0.7,0.0002761706625951746,0.7002761706625952,7.0,27.759650659774998,0.025526857378543395
5.5,0.05,0.7,0.00015311388300841898,0.7001531138830084,7.0,26.275029136949996,0.025527808246461215
5.75,0.05,0.7,8.391397050194616e-05,0.7000839139705018,7.0,24.790407614124998,0.02552834295878739
6.0,0.05,0.7,4.4999999999999996e-05,0.7000449999999999,7.0,23.305786091299996,0.025528643649624455
6.25,0.05,0.7,2.3117066259517454e-05,0.7000231170662595,7.0,21.821164568474998,0.025528812740509905
6.5,0.05,0.7,1.0811388300841898e-05,0.7000108113883008,7.0,20.33654304565,0.02552890782730026
6.75,0.05,0.7,3.891397050194614e-06,0.7000038913970501,7.0,18.851921522825,0.02552896129853355
7.0,0.05,0.7,0.0,0.7,7.0,17.3673,0.025528991367617358
7.25,0.05,0.7,-2.188293374048255e-06,0.6999978117066259,7.0,15.882678477174998,0.025529008276704995
7.5,0.05,0.7,-3.4188611699158104e-06,0.69999658113883,7.0,14.398056954349999,0.025529017785384238
1.5,0.1,0.7,3.1622675471932906,3.862267547193291,6.995121062556256,50.0,0.0
1.75,0.1,0.7,1.7782694100389231,2.478269410038923,7.0,48.54435197932499,0.011180498665279622
2.0,0.1,0.7,0.99999,1.6999900000000001,7.0,47.05973045649999,0.01780200214365183
2.25,0.1,0.7,0.562331325190349,1.262331325190349,7.0,45.575108933675004,0.0211838198258576
2.5,0.1,0.7,0.316217766016838,1.0162177660168379,7.0,44.090487410849995,0.023085555662821677
2.75,0.1,0.7,0.17781794100389228,0.8778179410038922,7.0,42.605865888025,0.024154980313541546
3.0,0.1,0.7,0.09999,0.79999,7.0,41.12124436519999,0.0247563619888191
3.25,0.1,0.7,0.05622413251903492,0.7562241325190349,7.0,39.636622842375,0.025094543757039314
3.5,0.1,0.7,0.031612776601683795,0.7316127766016838,7.0,38.152001319549996,0.02528471734073573
3.75,0.1,0.7,0.017772794100389226,0.7177727941003892,7.0,36.667379796725,0.02539165980581369
4.0,0.1,0.7,0.00999,0.70999,7.0,35.18275827389999,0.0254517979733355
4.25,0.1,0.7,0.0056134132519034905,0.7056134132519034,7.0,33.698136751075,0.025485616150157514
4.5,0.1,0.7,0.0031522776601683794,0.7031522776601683,7.0,32.213515228249996,0.02550463350852682
4.75,0.1,0.7,0.001768279410038923,0.7017682794100388,7.0,30.728893705424998,0.025515327755034584
5.0,0.1,0.7,0.00099,0.70099,7.0,29.2442721826,0.025521341571786944
5.25,0.1,0.7,0.0005523413251903492,0.7005523413251903,7.0,27.759650659774998,0.02552472338946969
5.5,0.1,0.7,0.00030622776601683797,0.7003062277660168,7.0,26.275029136949996,0.025526625125306446
5.75,0.1,0.7,0.00016782794100389232,0.7001678279410039,7.0,24.790407614124998,0.02552769431325194
6.0,0.1,0.7,8.999999999999999e-05,0.70009,7.0,23.305786091299996,0.02552829569492151
6.25,0.1,0.7,4.623413251903491e-05,0.700046234132519,7.0,21.821164568474998,0.025528633876686534
6.5,0.1,0.7,2.1622776601683796e-05,0.7000216227766016,7.0,20.33654304565,0.025528824050269194
6.75,0.1,0.7,7.782794100389228e-06,0.7000077827941004,7.0,18.851921522825,0.025528931229449266
7.0,0.1,0.7,0.0,0.7,7.0,17.3673,0.025528991367617045
7.25,0.1,0.7,-4.37658674809651e-06,0.6999956234132518,7.0,15.882678477174998,0.025529025185794117
7.5,0.1,0.7,-6.837722339831621e-06,0.6999931622776602,7.0,14.398056954349999,0.025529044203151944
1.5,0.2,0.7,6.324535094386581,7.024535094386581,6.995121062556256,50.0,0.0
1.75,0.2,0.7,3.5565388200778463,4.2565388200778465,7.0,48.54435197932499,0.0
2.0,0.2,0.7,1.99998,2.69998,7.0,47.05973045649999,0.008943815173505652
2.25,0.2,0.7,1.124662650380698,1.824662650380698,7.0,45.575108933675004,0.016838648284098708
2.5,0.2,0.7,0.632435532033676,1.332435532033676,7.0,44.090487410849995,0.02064211995802727
2.75,0.2,0.7,0.35563588200778457,1.0556358820077845,7.0,42.605865888025,0.02278096925946627
3.0,0.2,0.7,0.19998,0.89998,7.0,41.12124436519999,0.023983732610020975
3.25,0.2,0.7,0.11244826503806984,0.8124482650380698,7.0,39.636622842375,0.0246600961464623
3.5,0.2,0.7,0.06322555320336759,0.7632255532033676,7.0,38.152001319549996,0.025040443312539323
3.75,0.2,0.7,0.03554558820077845,0.7355455882007784,7.0,36.667379796725,0.025254328009828242
4.0,0.2,0.7,0.01998,0.71998,7.0,35.18275827389999,0.025374604343768405
4.25,0.2,0.7,0.011226826503806981,0.711226826503807,7.0,33.698136751075,0.025442240696785263
4.5,0.2,0.7,0.006304555320336759,0.7063045553203368,7.0,32.213515228249996,0.025480275413172094
4.75,0.2,0.7,0.003536558820077846,0.7035365588200778,7.0,30.728893705424998,0.025501664142452113
5.0,0.2,0.7,0.00198,0.7019799999999999,7.0,29.2442721826,0.025513691775957324
5.25,0.2,0.7,0.0011046826503806984,0.7011046826503806,7.0,27.759650659774998,0.025520455411321946
5.5,0.2,0.7,0.0006124555320336759,0.7006124555320337,7.0,26.275029136949996,0.025524258882996063
5.75,0.2,0.7,0.00033565588200778465,0.7003356558820077,7.0,24.790407614124998,0.025526397732296816
6.0,0.2,0.7,0.00017999999999999998,0.7001799999999999,7.0,23.305786091299996,0.025527600495647507
6.25,0.2,0.7,9.246826503806982e-05,0.700092468265038,7.0,21.821164568474998,0.02552827685918431
6.5,0.2,0.7,4.324555320336759e-05,0.7000432455532033,7.0,20.33654304565,0.0255286572063527
6.75,0.2,0.7,1.5565588200778456e-05,0.7000155655882008,7.0,18.851921522825,0.025528871091282337
7.0,0.2,0.7,0.0,0.7,7.0,17.3673,0.025528991367617007
7.25,0.2,0.7,-8.75317349619302e-06,0.6999912468265037,7.0,15.882678477174998,0.025529059003969817
7.5,0.2,0.7,-1.3675444679663242e-05,0.6999863245553203,7.0,14.398056954349999,0.025529097038687262
1.5,0.3,0.7,9.486802641579871,10.18680264157987,6.995121062556256,50.0,0.0
1.75,0.3,0.7,5.334808230116768,6.034808230116768,7.0,48.54435197932499,0.0
2.0,0.3,0.7,2.9999700000000002,3.6999700000000004,7.0,47.05973045649999,0.0
2.25,0.3,0.7,1.6869939755710472,2.3869939755710474,7.0,45.575108933675004,0.012080752505248689
2.5,0.3,0.7,0.9486532980505138,1.6486532980505137,7.0,44.090487410849995,0.01819868492821956
2.75,0.3,0.7,0.5334538230116768,1.2334538230116767,7.0,42.605865888025,0.021406958205391274
3.0,0.3,0.7,0.29997,0.99997,7.0,41.12124436519999,0.02321110323122262
3.25,0.3,0.7,0.16867239755710475,0.8686723975571047,7.0,39.636622842375,0.024225648535884204
3.5,0.3,0.7,0.09483832980505139,0.7948383298050513,7.0,38.152001319549996,0.024796169286973486
3.75,0.3,0.7,0.05331838230116768,0.7533183823011677,7.0,36.667379796725,0.025116996682189283
4.0,0.3,0.7,0.02997,0.72997,7.0,35.18275827389999,0.02529741118477308
4.25,0.3,0.7,0.01684023975571047,0.7168402397557104,7.0,33.698136751075,0.02539886571523912
4.5,0.3,0.7,0.009456832980505137,0.7094568329805051,7.0,32.213515228249996,0.02545591779034787
4.75,0.3,0.7,0.005304838230116769,0.7053048382301167,7.0,30.728893705424998,0.025488000529869406
5.0,0.3,0.7,0.00297,0.70297,7.0,29.2442721826,0.025506041980127646
5.25,0.3,0.7,0.0016570239755710474,0.701657023975571,7.0,27.759650659774998,0.025516187433174117
5.5,0.3,0.7,0.0009186832980505137,0.7009186832980505,7.0,26.275029136949996,0.025521892640685037
5.75,0.3,0.7,0.0005034838230116769,0.7005034838230116,7.0,24.790407614124998,0.025525100914637826
6.0,0.3,0.7,0.00026999999999999995,0.70027,7.0,23.305786091299996,0.025526905059663298
6.25,0.3,0.7,0.0001387023975571047,0.700138702397557,7.0,21.821164568474998,0.025527919604968148
6.5,0.3,0.7,6.486832980505137e-05,0.700064868329805,7.0,20.33654304565,0.025528490125718457
6.75,0.3,0.7,2.334838230116768e-05,0.7000233483823011,7.0,18.851921522825,0.025528810953114336
7.0,0.3,0.7,0.0,0.7,7.0,17.3673,0.025528991367713406
7.25,0.3,0.7,-1.3129760244289526e-05,0.6999868702397557,7.0,15.882678477174998,0.025529092822147062
7.5,0.3,0.7,-2.051316701949486e-05,0.6999794868329805,7.0,14.398056954349999,0.025529149874222334
1.5,0.5,0.7,15.811337735966452,16.511337735966453,6.995121062556256,50.0,0.0
1.75,0.5,0.7,8.891347050194614,9.591347050194614,7.0,48.54435197932499,0.0
2.0,0.5,0.7,4.99995,5.69995,7.0,47.05973045649999,0.0
2.25,0.5,0.7,2.8116566259517453,3.511656625951745,7.0,45.575108933675004,0.0007553962681104332
2.5,0.5,0.7,1.5810888300841899,2.28108883008419,7.0,44.090487410849995,0.013091183530667088
2.75,0.5,0.7,0.8890897050194614,1.5890897050194615,7.0,42.605865888025,0.018658936097241043
3.0,0.5,0.7,0.49995,1.1999499999999999,7.0,41.12124436519999,0.021665844473626787
3.25,0.5,0.7,0.2811206625951746,0.9811206625951745,7.0,39.636622842375,0.023356753314729552
3.5,0.5,0.7,0.15806388300841898,0.858063883008419,7.0,38.152001319549996,0.024307621233211514
3.75,0.5,0.7,0.08886397050194614,0.7888639705019461,7.0,36.667379796725,0.02484233355857206
4.0,0.5,0.7,0.04995,0.74995,7.0,35.18275827389999,0.025143024396209926
4.25,0.5,0.7,0.02806706625951745,0.7280670662595174,7.0,33.698136751075,0.025312115280320437
4.5,0.5,0.7,0.015761388300841898,0.7157613883008419,7.0,32.213515228249996,0.02540720207216871
4.75,0.5,0.7,0.008841397050194615,0.7088413970501946,7.0,30.728893705424998,0.025460673304704168
5.0,0.5,0.7,0.00495,0.70495,7.0,29.2442721826,0.025490742388467966
5.25,0.5,0.7,0.002761706625951746,0.7027617066259517,7.0,27.759650659774998,0.025507651476879237
5.5,0.5,0.7,0.0015311388300841896,0.7015311388300841,7.0,26.275029136949996,0.025517160156064228
5.75,0.5,0.7,0.0008391397050194615,0.7008391397050194,7.0,24.790407614124998,0.02552250727931751
6.0,0.5,0.7,0.00045,0.7004499999999999,7.0,23.305786091299996,0.025525662254768707
6.25,0.5,0.7,0.00023117066259517453,0.7002311706625951,7.0,21.821164568474998,0.025527173417781372
6.5,0.5,0.7,0.00010811388300841896,0.7001081138830084,7.0,20.33654304565,0.025528155964454045
6.75,0.5,0.7,3.891397050194614e-05,0.7000389139705019,7.0,18.851921522825,0.025528690676778553
7.0,0.5,0.7,0.0,0.7,7.0,17.3673,0.025528991367616848
7.25,0.5,0.7,-2.1882933740482546e-05,0.6999781170662595,7.0,15.882678477174998,0.02552916045850137
7.5,0.5,0.7,-3.41886116991581e-05,0.6999658113883008,7.0,14.398056954349999,0.025529255545293124
1.5,0.75,0.7,23.71700660394968,24.41700660394968,6.995121062556256,50.0,0.0
1.75,0.75,0.7,13.337020575291923,14.037020575291923,7.0,48.54435197932499,0.0
2.0,0.75,0.7,7.499925000000001,8.199925,7.0,47.05973045649999,0.0
2.25,0.75,0.7,4.217484938927618,4.917484938927618,7.0,45.575108933675004,0.0
2.5,0.75,0.7,2.3716332451262843,3.071633245126284,7.0,44.090487410849995,0.005194310359243519
2.75,0.75,0.7,1.3336345575291921,2.033634557529192,7.0,42.605865888025,0.01522390846205288
3.0,0.75,0.7,0.7499250000000001,1.449925,7.0,41.12124436519999,0.019734271026631254
3.25,0.75,0.7,0.4216809938927618,1.1216809938927619,7.0,39.636622842375,0.022270634288285726
3.5,0.75,0.7,0.23709582451262848,0.9370958245126284,7.0,38.152001319549996,0.023696936166008868
3.75,0.75,0.7,0.13329595575291922,0.8332959557529191,7.0,36.667379796725,0.024499004654048452
4.0,0.75,0.7,0.074925,0.774925,7.0,35.18275827389999,0.024950040910506958
4.25,0.75,0.7,0.042100599389276176,0.7421005993892761,7.0,33.698136751075,0.025203679378148255
4.5,0.75,0.7,0.023642082451262845,0.7236420824512628,7.0,32.213515228249996,0.02534630742444397
4.75,0.75,0.7,0.013262095575291923,0.7132620955752919,7.0,30.728893705424998,0.025426514273249125
5.0,0.75,0.7,0.007425,0.707425,7.0,29.2442721826,0.025471617898894062
5.25,0.75,0.7,0.004142559938927619,0.7041425599389276,7.0,27.759650659774998,0.02549698153151095
5.5,0.75,0.7,0.002296708245126285,0.7022967082451262,7.0,26.275029136949996,0.025511244550288407
5.75,0.75,0.7,0.0012587095575291923,0.7012587095575291,7.0,24.790407614124998,0.02551926523516793
6.0,0.75,0.7,0.000675,0.7006749999999999,7.0,23.305786091299996,0.025523775597733184
6.25,0.75,0.7,0.00034675599389276173,0.7003467559938927,7.0,21.821164568474998,0.025526311960994558
6.5,0.75,0.7,0.00016217082451262845,0.7001621708245126,7.0,20.33654304565,0.025527738262871445
6.75,0.75,0.7,5.83709557529192e-05,0.7000583709557529,7.0,18.851921522825,0.025528540331359772
7.0,0.75,0.7,0.0,0.7,7.0,17.3673,0.02552899136761667
7.25,0.75,0.7,-3.2824400610723817e-05,0.6999671755993893,7.0,15.882678477174998,0.025529245003942564
7.5,0.75,0.7,-5.128291754873715e-05,0.6999487170824512,7.0,14.398056954349999,0.025529387634130842
1.5,1.0,0.7,31.622675471932904,32.322675471932904,6.995121062556256,50.0,0.0
1.75,1.0,0.7,17.78269410038923,18.482694100389228,7.0,48.54435197932499,0.0
2.0,1.0,0.7,9.9999,10.6999,7.0,47.05973045649999,0.0
2.25,1.0,0.7,5.6233132519034905,6.323313251903491,7.0,45.575108933675004,0.0
2.5,1.0,0.7,3.1621776601683798,3.8621776601683795,7.0,44.090487410849995,0.0
2.75,1.0,0.7,1.7781794100389228,2.4781794100389227,7.0,42.605865888025,0.011181368960406517
3.0,1.0,0.7,0.9999,1.6999,7.0,41.12124436519999,0.017802697561034204
3.25,1.0,0.7,0.5622413251903492,1.2622413251903493,7.0,39.636622842375,0.02118451526184329
3.5,1.0,0.7,0.31612776601683795,1.016127766016838,7.0,38.152001319549996,0.02308625109880615
3.75,1.0,0.7,0.17772794100389228,0.8777279410038923,7.0,36.667379796725,0.024155675749526557
4.0,1.0,0.7,0.0999,0.7998999999999999,7.0,35.18275827389999,0.024757057424803743
4.25,1.0,0.7,0.0561341325190349,0.7561341325190348,7.0,33.698136751075,0.02509523919302374
4.5,1.0,0.7,0.031522776601683795,0.7315227766016837,7.0,32.213515228249996,0.02528541277672013
4.75,1.0,0.7,0.01768279410038923,0.7176827941003892,7.0,30.728893705424998,0.025392355241792893
5.0,1.0,0.7,0.0099,0.7099,7.0,29.2442721826,0.025452493409319023
5.25,1.0,0.7,0.005523413251903492,0.7055234132519035,7.0,27.759650659774998,0.025486311586140818
5.5,1.0,0.7,0.003062277660168379,0.7030622776601684,7.0,26.275029136949996,0.02550532894445793
5.75,1.0,0.7,0.001678279410038923,0.7016782794100389,7.0,24.790407614124998,0.025516023191017933
6.0,1.0,0.7,0.0009,0.7009,7.0,23.305786091299996,0.025522037007773255
6.25,1.0,0.7,0.00046234132519034905,0.7004623413251903,7.0,21.821164568474998,0.02552541882545323
6.5,1.0,0.7,0.00021622776601683792,0.7002162277660168,7.0,20.33654304565,0.02552732056128969
6.75,1.0,0.7,7.782794100389228e-05,0.7000778279410038,7.0,18.851921522825,0.025528389985941674
7.0,1.0,0.7,0.0,0.7,7.0,17.3673,0.025528991367615855
7.25,1.0,0.7,-4.376586748096509e-05,0.699956234132519,7.0,15.882678477174998,0.025529329549384236
7.5,1.0,0.7,-6.83772233983162e-05,0.6999316227766016,7.0,14.398056954349999,0.025529519722968505
1.5,1.5,0.7,47.43401320789936,48.134013207899365,6.995121062556256,50.0,0.0
1.75,1.5,0.7,26.674041150583847,27.374041150583846,7.0,48.54435197932499,0.0
2.0,1.5,0.7,14.999850000000002,15.699850000000001,7.0,47.05973045649999,0.0
2.25,1.5,0.7,8.434969877855236,9.134969877855236,7.0,45.575108933675004,0.0
2.5,1.5,0.7,4.7432664902525685,5.443266490252569,7.0,44.090487410849995,0.0
2.75,1.5,0.7,2.6672691150583843,3.3672691150583844,7.0,42.605865888025,0.0022120030106229514
3.0,1.5,0.7,1.4998500000000001,2.19985,7.0,41.12124436519999,0.013857608774993526
3.25,1.5,0.7,0.8433619877855236,1.5433619877855236,7.0,39.636622842375,0.01901227720895429
3.5,1.5,0.7,0.47419164902525696,1.1741916490252569,7.0,38.152001319549996,0.021864880964399744
3.75,1.5,0.7,0.26659191150583844,0.9665919115058383,7.0,36.667379796725,0.023469017940480754
4.0,1.5,0.7,0.14985,0.84985,7.0,35.18275827389999,0.024371090453394945
4.25,1.5,0.7,0.08420119877855235,0.7842011987785523,7.0,33.698136751075,0.024878363105727535
4.5,1.5,0.7,0.04728416490252569,0.7472841649025257,7.0,32.213515228249996,0.02516362348127202
4.75,1.5,0.7,0.026524191150583847,0.7265241911505838,7.0,30.728893705424998,0.025324037178880397
5.0,1.5,0.7,0.01485,0.71485,7.0,29.2442721826,0.02541424443017436
5.25,1.5,0.7,0.008285119877855239,0.7082851198778551,7.0,27.759650659774998,0.025464971695405007
5.5,1.5,0.7,0.00459341649025257,0.7045934164902525,7.0,26.275029136949996,0.025493497732958656
5.75,1.5,0.7,0.0025174191150583846,0.7025174191150584,7.0,24.790407614124998,0.02550953910272094
6.0,1.5,0.7,0.00135,0.7013499999999999,7.0,23.305786091299996,0.025518559827848467
6.25,1.5,0.7,0.0006935119877855235,0.7006935119877855,7.0,21.821164568474998,0.025523632554371838
6.5,1.5,0.7,0.0003243416490252569,0.7003243416490252,7.0,20.33654304565,0.025526484921434358
6.75,1.5,0.7,0.0001167419115058384,0.7001167419115057,7.0,18.851921522825,0.02552808905839696
7.0,1.5,0.7,0.0,0.7,7.0,17.3673,0.025528991130898713
7.25,1.5,0.7,-6.564880122144763e-05,0.6999343511987786,7.0,15.882678477174998,0.025529498403547048
7.5,1.5,0.7,-0.0001025658350974743,0.6998974341649025,7.0,14.398056954349999,0.025529783900645725
1.5,2.0,0.7,63.24535094386581,63.94535094386581,6.995121062556256,50.0,0.0
1.75,2.0,0.7,35.56538820077846,36.26538820077846,7.0,48.54435197932499,0.0
2.0,2.0,0.7,19.9998,20.6998,7.0,47.05973045649999,0.0
2.25,2.0,0.7,11.246626503806981,11.94662650380698,7.0,45.575108933675004,0.0
2.5,2.0,0.7,6.3243553203367595,7.02435532033676,7.0,44.090487410849995,0.0
2.75,2.0,0.7,3.5563588200778455,4.256358820077845,7.0,42.605865888025,0.0
3.0,2.0,0.7,1.9998,2.6997999999999998,7.0,41.12124436519999,0.008945631067322683
3.25,2.0,0.7,1.1244826503806984,1.8244826503806983,7.0,39.636622842375,0.01684003915606868
3.5,2.0,0.7,0.6322555320336759,1.3322555320336757,7.0,38.152001319549996,0.02064351159566155
3.75,2.0,0.7,0.35545588200778455,1.0554558820077844,7.0,36.667379796725,0.02278235802505217
4.0,2.0,0.7,0.1998,0.8997999999999999,7.0,35.18275827389999,0.02398512348198936
4.25,2.0,0.7,0.1122682650380698,0.8122682650380697,7.0,33.698136751075,0.024661487018430978
4.5,2.0,0.7,0.06304555320336759,0.7630455532033675,7.0,32.213515228249996,0.025041834185822526
4.75,2.0,0.7,0.03536558820077846,0.7353655882007785,7.0,30.728893705424998,0.025255719115968193
5.0,2.0,0.7,0.0198,0.7198,7.0,29.2442721826,0.02537599545102317
5.25,2.0,0.7,0.011046826503806983,0.7110468265038069,7.0,27.759650659774998,0.02544363180466727
5.5,2.0,0.7,0.006124555320336758,0.7061245553203367,7.0,26.275029136949996,0.02548166652140702
5.75,2.0,0.7,0.003356558820077846,0.7033565588200777,7.0,24.790407614124998,0.025503055014420153
6.0,2.0,0.7,0.0018,0.7018,7.0,23.305786091299996,0.025515082647927977
6.25,2.0,0.7,0.0009246826503806981,0.7009246826503807,7.0,21.821164568474998,0.02552184628329199
6.5,2.0,0.7,0.00043245553203367584,0.7004324555320336,7.0,20.33654304565,0.025525649754963763
6.75,2.0,0.7,0.00015565588200778456,0.7001556558820078,7.0,18.851921522825,0.025527788604268076
7.0,2.0,0.7,0.0,0.7,7.0,17.3673,0.02552899136761607
7.25,2.0,0.7,-8.753173496193018e-05,0.6999124682650381,7.0,15.882678477174998,0.02552966773115393
7.5,2.0,0.7,-0.0001367544467966324,0.6998632455532033,7.0,14.398056954349999,0.025530048078320582
1.5,3.0,0.7,94.86802641579872,95.56802641579873,6.995121062556256,50.0,0.0
1.75,3.0,0.7,53.34808230116769,54.048082301167696,7.0,48.54435197932499,0.0
2.0,3.0,0.7,29.999700000000004,30.699700000000004,7.0,47.05973045649999,0.0
2.25,3.0,0.7,16.869939755710472,17.56993975571047,7.0,45.575108933675004,0.0
2.5,3.0,0.7,9.486532980505137,10.186532980505136,7.0,44.090487410849995,0.0
2.75,3.0,0.7,5.3345382301167685,6.034538230116769,7.0,42.605865888025,0.0
3.0,3.0,0.7,2.9997000000000003,3.6997,7.0,41.12124436519999,0.0
3.25,3.0,0.7,1.6867239755710473,2.386723975571047,7.0,39.636622842375,0.012083334987065961
3.5,3.0,0.7,0.9483832980505139,1.648383298050514,7.0,38.152001319549996,0.01820077123624901
3.75,3.0,0.7,0.5331838230116769,1.233183823011677,7.0,36.667379796725,0.021409044513345424
4.0,3.0,0.7,0.2997,0.9997,7.0,35.18275827389999,0.023213189539176216
4.25,3.0,0.7,0.1684023975571047,0.8684023975571047,7.0,33.698136751075,0.024227734843837466
4.5,3.0,0.7,0.09456832980505138,0.7945683298050513,7.0,32.213515228249996,0.02479825559492724
4.75,3.0,0.7,0.05304838230116769,0.7530483823011677,7.0,30.728893705424998,0.02511908299014356
5.0,3.0,0.7,0.0297,0.7296999999999999,7.0,29.2442721826,0.025299497492727
5.25,3.0,0.7,0.016570239755710477,0.7165702397557104,7.0,27.759650659774998,0.02540095202319312
5.5,3.0,0.7,0.00918683298050514,0.7091868329805051,7.0,26.275029136949996,0.02545800409830211
5.75,3.0,0.7,0.005034838230116769,0.7050348382301167,7.0,24.790407614124998,0.025490086837822282
6.0,3.0,0.7,0.0027,0.7027,7.0,23.305786091299996,0.025508128288081307
6.25,3.0,0.7,0.001387023975571047,0.701387023975571,7.0,21.821164568474998,0.025518273741128843
6.5,3.0,0.7,0.0006486832980505138,0.7006486832980505,7.0,20.33654304565,0.025523978948638584
6.75,3.0,0.7,0.0002334838230116768,0.7002334838230116,7.0,18.851921522825,0.025527187222591393
7.0,3.0,0.7,0.0,0.7,7.0,17.3673,0.025528991367616414
7.25,3.0,0.7,-0.00013129760244289527,0.699868702397557,7.0,15.882678477174998,0.025530005912920855
7.5,3.0,0.7,-0.0002051316701949486,0.699794868329805,7.0,14.398056954349999,0.02553057643367322
