observed,predicted,sd
0.0612692432389354,0.06338472004595666,0.005971048849598219
0.3115348622902801,0.31182046118851636,0.002572939523787791
0.3363789181727851,0.33712010572507867,0.006249622975185314
0.3553820909577075,0.35337240972602524,0.006838142724926212
0.0610418450154351,0.051308972541299826,0.012588414539853564
0.3329643958252514,0.3325677634853614,0.0024899823603610955
0.311474915037613,0.29840053773095027,0.006115437298904382
0.092919210778525,0.08967448173550863,0.007661810842869976
0.2689071947874589,0.26753195846208694,0.003979957685123331
0.0923875791632752,0.09235892610843585,0.002751043422682731
0.3081075660979738,0.31086962204401614,0.0040343399310610465
0.1635930398796282,0.1422962049428492,0.015353862276456404
0.3317003244176986,0.22685109157414773,0.05065444543028108
0.0311372683072512,0.033786861339124764,0.004543083534173636
0.109732922588495,0.09662810144480513,0.00810054991461751
0.1270034338149726,0.13128447727234843,0.0038285281496843854
0.2979957555156673,0.29608324738514374,0.0024943110449797403
0.2211499242634781,0.2206605105410818,0.0030520664796416354
0.0070493267744494,0.01298423044276629,0.004838578110921739
0.1400674755694847,0.13236069115679552,0.009556671788021545
0.229095509844557,0.2312618537310164,0.007134845275944385
0.233264669366519,0.2331026834310533,0.006666262512556927
0.1227185488057166,0.12597039636551058,0.005120571129046686
0.1462628401233126,0.14880972918813903,0.0014527648168146062
0.3182471245854157,0.3261365265147207,0.005790379850759131
0.2521731139350917,0.17592352026328978,0.029819660112131247
0.3384215133583191,0.33857345531561506,0.003951605881733018
0.3225206787757037,0.3231789037511442,0.003974319789555332
0.0804232587887209,0.1273858617697307,0.02625963292217618
0.2253843846706178,0.21452866234988116,0.010239660785271028
0.0347017951250226,0.038565273435443304,0.0053362128436555325
0.0976317119922539,0.09509002568362368,0.002460122492381237
0.2130787100519363,0.21480608666949,0.002911796318756884
0.4008656785464773,0.4005347462930418,0.004921609057876518
0.250139255311849,0.2503777914309636,0.003538061380999
0.0892747524727266,0.08495175731894063,0.007381341172328104
0.2069829281954275,0.2117452848416042,0.0028093294479017814
0.3312124320351823,0.3298795776762934,0.002390110176883582
0.0807102586359036,0.07771147921855023,0.003526180188910685
0.1523544759230091,0.1557523299252827,0.007480656896516886
0.2049885315259123,0.19889837349425205,0.009255234002275261
0.1342197243856927,0.13533510684130826,0.00357167375844256
0.2766374141944209,0.26431801711952635,0.013603739738093073
0.4392108017209051,0.4411985313084619,0.005830388539801496
0.2436441471521542,0.2444361604654323,0.003174677898664797
0.1947836434051971,0.19240308951518206,0.0052564286610138995
0.1969234271828507,0.19778038806480575,0.0043168053135786925
0.1220131550345819,0.1197233213473895,0.008919976618181448
0.1030727618928744,0.1027501242195138,0.002219729776488917
0.2965841731300244,0.29667433032299656,0.003077797616822868
0.0723069605990918,0.07737131655374206,0.006589685172634161
0.0960313117794447,0.10038035614652033,0.002268982079292228
0.1394620282519628,0.14260765983222304,0.0023424700105963803
0.3599439730280241,0.3638305747127557,0.0061498826755535625
0.0994636686674776,0.10355863969112614,0.003262097559564946
0.0615802075600366,0.06422549550220387,0.004470013689165144
0.1855528025363195,0.1890414785599211,0.006966738100843355
0.1267301415985851,0.11106143123292363,0.006145168463752255
0.253619623723107,0.2542542882502893,0.005144640012404613
0.0493837054189045,0.04804239380738125,0.004579103217849219
0.0215057694390087,0.024418500885897323,0.015917004075950064
0.1571295010561991,0.1573431263869136,0.013310948562720961
0.16235125887328,0.16254881340809063,0.006231478296990873
0.2921118413855973,0.2908153471012819,0.003534210830885825
0.1424377728714278,0.14314219528938624,0.0024545900568258643
0.3260368979315307,0.3253597592634909,0.006215654295968394
0.3156558942667469,0.3158189983886681,0.003462609567463781
0.033727417068196,0.03723862768386245,0.007047372957758483
0.0323589272004414,0.034436523013653055,0.007264772078182489
0.2693501192906809,0.27194335674670383,0.004350713599074931
0.0613775239472915,0.06283595551469069,0.001612465597655291
0.0932432409572514,0.08712123230506333,0.003932467573129085
0.2270555971851336,0.22792821809561242,0.00311078526401033
0.3740082501953085,0.37299923380886574,0.006369106724872316
0.0568464713674549,0.05703982340686511,0.005706139560783074
0.0479392616771678,0.046969174831596835,0.008413843571360189
0.0555875290244297,0.05494301001308623,0.016263445049860686
0.0404030814161624,0.04393661551115078,0.006016401610970416
0.0047033045520241,0.017588630848466843,0.008046329194904748
0.0212191684963178,0.020421812825452166,0.007161122561507053
0.0109645310975045,0.018511222764987387,0.005528983951111684
0.3841583522183129,0.38222718201260963,0.004170816820327059
0.248274981009351,0.24733368204284045,0.004617994245594911
0.050131037351675,0.04302706264130799,0.006481407032771794
0.4207964580224564,0.4201202516860416,0.004129042721986187
0.1696712240909134,0.16512252832189397,0.006205212628971672
0.2275790994497483,0.22907466930661263,0.0034677119414686887
0.0937439398052716,0.07594824902866198,0.008518380824228738
0.1557576616559168,0.15135866733458742,0.0042278766339500845
0.187426339051323,0.18697415661428668,0.00532048909791559
0.0506045581080658,0.05404764983377465,0.0035685391548829705
0.1636785883421575,0.16903847877205688,0.006193438360998876
0.1362999446184772,0.12969360917894426,0.00889392169256165
0.2518586719463822,0.25575321569880705,0.002368684908940038
0.3133592302785079,0.3104428207788753,0.008003419728441397
0.1193604984359226,0.12136279717081044,0.0023386589529910606
0.2010637527058497,0.20381240852360075,0.011803783574492657
0.2282875704373251,0.21922507583241843,0.0038680229004253177
0.2731394865977333,0.2721249937076482,0.0059776381211507955
0.2212352429541072,0.22285197285324077,0.004817727966332459
0.4180617661357709,0.4167101714160655,0.002568136340758807
0.246286759237081,0.24726188995887394,0.003987865797286509
0.3103151634028082,0.3071942874375249,0.005074019215574678
0.209747483166564,0.20664747349041646,0.003406489304483729
0.3447806239061543,0.3519280381166962,0.00324318109459612
0.331065044538948,0.3325693560896773,0.0026620980788982134
0.0400334351754002,0.045104537560712275,0.006487692686835052
0.1117688032759455,0.11175369329089402,0.004833927900780931
0.3825393043007721,0.3837639106551479,0.00555008582394478
0.1204687870706588,0.12045441370428918,0.007680886490810652
0.0401344268416035,0.04411979733216,0.004892343422161034
0.2436488945128291,0.24404367675366795,0.0026908297826277587
0.1540623688738856,0.15411897084174891,0.002340319108539832
0.46239623288339,0.45999099476046795,0.0035878637775818177
0.1810728867895113,0.17912859606090464,0.006958056073837861
0.329497720111425,0.329359756736104,0.005858555183502958
0.2421860498169384,0.24003071569055717,0.00793685213664731
0.3425966501556844,0.34482587836815565,0.0012480741253626773
0.0243683796087871,0.02749903529070844,0.005337108969561931
0.1773833389250788,0.1678105496583279,0.010878675360895734
0.1981152778666871,0.16474084087053292,0.01672118008214605
0.1126525475402623,0.11501271278563396,0.0034595990726253396
0.097335863639908,0.09542996205454858,0.006142131291233702
0.3510751606505646,0.3499186851383632,0.008564688754760914
0.1470139150083358,0.1489274085806305,0.0037180544622775744
0.1440123774281019,0.14930284504733787,0.004838881125616097
0.2525371356860316,0.2541495158257212,0.004485419666387433
0.1816299216508281,0.184015304395756,0.0061719048712371785
0.0256519289460852,0.0321034577669803,0.00337003040850627
0.1994400762850054,0.19901714371876306,0.004375404971586933
0.2516733981238836,0.24971871229275563,0.004763342927352075
0.3470318944016012,0.3509038224832704,0.003644741087964638
0.0804807364615403,0.07680589979869877,0.004378230036707567
0.2305067000487796,0.23102094770736303,0.005806401038111542
0.1506034235506365,0.1550688609104592,0.004320151471470485
0.1212156116677972,0.12671507223686862,0.0066072267191576335
0.3609909215268296,0.36346437967719014,0.003612052715230929
0.0633471746122086,0.057972202117762106,0.005924827098182256
0.0617617565293667,0.06426889914651876,0.003997858832547502
0.0284806814422995,0.033840010195166546,0.012531577074858209
0.3737384115678944,0.36809018515854863,0.004638362126104297
0.1210329201171469,0.12801644191944422,0.005463796265125363
0.0455819425797892,0.04036057113285596,0.014716822561217046
0.1078883252504923,0.09872242063413851,0.006693626624370272
0.4018827221245754,0.402478126277977,0.005898580281356347
0.0147994913963249,0.02023951246404018,0.00961096390147041
0.1605140820533497,0.15637390869191595,0.013126225535287615
0.175089263330361,0.17772176046004934,0.0035426602680043912
0.0179618514443673,0.02787545406384454,0.006205319395095085
0.0575610980035567,0.06457598264874667,0.006859983116052102
0.1934528317005371,0.19523146552152992,0.004509638273414704
0.2562899170387651,0.25479232487231884,0.003038692652827031
0.2153509109701887,0.2155143483757252,0.002681559383540793
0.3032175525205883,0.30321909061529034,0.0033526402077322347
0.0909378003394208,0.08622050468575812,0.0057998508916369765
0.316430308769271,0.3165630109746505,0.0034413778237998034
0.4092442563752385,0.4081988885698339,0.006131311532995881
0.1052164944207956,0.11093682134276332,0.006679304638802043
0.2984484314551368,0.29692943021514445,0.005825889043465516
0.3354365449030853,0.33634884992684094,0.004486516374980225
0.3479318998166414,0.34606625606394187,0.005363978341395613
0.1354397260582671,0.12316240984500271,0.015033683954307002
0.1035375086449831,0.1106203887569285,0.002783677630339394
0.0064145549738586,0.018616947774574025,0.012119897183354501
0.1461919978050588,0.14707034391429408,0.005209648653364814
0.4146151477671086,0.41381653629525444,0.0055339855916320445
0.1294201695072617,0.1315577543306469,0.008236817558840148
0.0888984748387751,0.0878429050681766,0.004692941937959803
0.2931406502688582,0.29442699462351823,0.0050569325142884505
0.2835038690209573,0.28369300526987423,0.004937266488764212
0.13045792643418,0.13852813329469696,0.009137944713777975
0.2282305714722914,0.20144280877035242,0.01072507589920215
0.1336081358142616,0.12685029140712073,0.005679700019317738
0.2380017833219923,0.23985203124405136,0.0038858036638564695
0.0814844238359065,0.07164892598080916,0.024652033758960218
0.3449017553585143,0.34681314334945623,0.00416812576350566
0.2935973939641992,0.28861484422173384,0.010096515188477729
0.2501474577958517,0.24780459560286144,0.003513303146406134
0.170081161549787,0.16681978148405444,0.005229987226056704
0.2407916041127223,0.23914800785932355,0.005422917125287939
0.3377440215771379,0.33960400399406004,0.0065060250346514106
0.3171840454559793,0.31885710701814235,0.005744309714515092
0.146033480170727,0.14693970549434465,0.004629280265600724
0.1198441428943422,0.12467647516159067,0.0045750648948369756
0.1340395811086697,0.13523073099862523,0.0069791825930118085
0.0726120944363594,0.07346051746060117,0.00584640024547367
0.0690459015476589,0.06529012652083438,0.003203510454403951
0.0875959267498123,0.08483690719899566,0.0022127133973128335
0.168248189228992,0.17227442498011708,0.0033318658338606284
0.3392447306373538,0.3386872379217207,0.006154551582993949
0.0566663755160963,0.05661304786262944,0.005244953574335152
0.3168730946913844,0.31695598297586225,0.005302952363556095
0.0552517228556999,0.06411939243920382,0.00806797984246215
0.2860654125270754,0.2878886097655966,0.0042601182850802695
0.2660946273442142,0.26778884960563587,0.005304508644302511
0.1369406827547348,0.13896910768623164,0.003881144869535375
0.0237873968448497,0.031743407302226787,0.007946243484631538
0.0492735651762512,0.0515020944578274,0.007018246393555707
0.1088091336801624,0.10675469931547307,0.006954023986176619
0.332015840626523,0.3320753697525768,0.0057244521347297826
0.1148006498053961,0.11588646009851784,0.00501679252992516
0.1075786190913498,0.0928334284541209,0.006634075924301563
0.0508020885440776,0.048122138537945336,0.011917638160630989
0.1839044101053672,0.1713300731471146,0.008304932842186068
0.0759027137325988,0.07903002511635171,0.008844184951842703
0.1692929738432728,0.16884605739381522,0.0030248553392122884
0.1640914912885449,0.16705508568354194,0.010055796200783588
0.2543653335608014,0.2558202827516756,0.0031208943129352818
0.19944307236657,0.2043718167648531,0.0025813535612056273
0.25793285003301,0.2594160300919742,0.0025391880384524608
0.018471433464656,0.019313405845282763,0.006389601353221313
0.1383952176819971,0.12641010491729152,0.010509940853694015
0.079367274049855,0.08495297911151556,0.006725193100377365
0.1510436536168909,0.15236062277313286,0.007252901456098074
0.1002397810405377,0.0940101047951868,0.005229286762619578
0.2090429749086232,0.21064790841244382,0.01086582800581683
0.3463399905412677,0.348452482232505,0.0030706944379827925
0.2416722809340688,0.2412356443644721,0.0025946076506572937
0.1624617270564946,0.16989145677064935,0.006262602995823188
0.359966196702059,0.360620399229219,0.009629579904408119
0.429163571724676,0.42762660912586703,0.005776514476392858
0.1141970206716736,0.1141456905388428,0.008061720252842028
0.1756979754461401,0.17594010054969852,0.0036753717628902195
0.2186857799810145,0.22361584567476375,0.00260520438722477
0.2997152140716028,0.29876418547232975,0.003989346616353817
0.2047309058410669,0.20640026634565922,0.004713448740870878
0.091518639233812,0.10607396408637404,0.008768050141153273
0.0822780120413844,0.08004880925379834,0.004712420391204627
0.166746811797296,0.16973595498717947,0.006156529748600807
0.3190867052476182,0.3198050901352636,0.00412684999952305
0.0784313164486657,0.07754008749268013,0.007347538796927061
0.0245237165513376,0.026236793314742667,0.013247509465082758
0.0503112009644377,0.04701987566082673,0.006759860548833926
0.251497692463041,0.25310983044636925,0.0024780459818640375
0.1297569037387383,0.12880414853785024,0.006245795501464884
0.1593549106560363,0.16440117461847678,0.008842300625450649
0.2254077972707736,0.22563392896098708,0.0040453433663792775
0.2721440224288422,0.27246665532309217,0.006426657919005025
0.1191913875816481,0.11729192122301971,0.002488397780889618
0.1090889799309725,0.09970682708205192,0.012509246140113674
0.2345149099715451,0.2360569206490434,0.0061165531097813934
0.1210208526949439,0.11301499876448196,0.002934135489133393
0.1192613649340539,0.12359492679209172,0.006121021823009636
0.1331099737017194,0.1338311557987626,0.004215074745494279
0.4129373673779747,0.41361818586113186,0.005160099612644877
0.1822759899557648,0.1754984433803995,0.00570929036791051
0.206363693040378,0.22219038958636758,0.033192938851889606
0.1822388280620539,0.16507317882208455,0.007980289192518874
0.0676482521745439,0.06711656736422685,0.006992715857499538
0.0099593726552371,0.014406939158799228,0.005639652328611665
0.0778336604125075,0.07967924805337559,0.007279397475650032
0.3865649980682218,0.38571462626203895,0.003965997146246556
0.1612059720264795,0.16548488607087036,0.0033483606037656897
0.1688022488879614,0.16912760496043583,0.0056439958958911275
0.2597783237212356,0.26032398247900523,0.005778729074775209
0.3120759836702715,0.297080448578216,0.011353958560208875
0.1948229094021958,0.19740794260103178,0.007770468646147294
0.1890046800816508,0.19028334643264294,0.004509733978415718
0.2863458541555479,0.2849779850825459,0.004594911494034122
0.0735577100156002,0.06622485830487226,0.0031992363368698504
0.370920216425401,0.3745719337190302,0.008167319924375598
0.2855639874541494,0.2817040028250045,0.009188499726575022
0.1382889190369746,0.145444236027887,0.006765745602358327
0.1397103751904373,0.14157886190625946,0.0031652054809034385
0.2233607056975993,0.22013418724755224,0.004205236448164981
0.3294907485196509,0.3277055061587235,0.004911070968719662
0.287032824940953,0.2877701880534785,0.0037947224708953973
0.1985369911825174,0.19236850204941044,0.0033037216829875926
0.1496585262087933,0.1526599145993362,0.0019778509631934466
0.3795096734539533,0.3797576608572767,0.002867363304193104
0.2262226266667454,0.2284144583048481,0.0051281158141767355
0.0543874895630224,0.04788431368180991,0.00764509025345396
0.3302442199821805,0.3277605950639631,0.004502397040429793
0.3020077442320423,0.3078952145577126,0.0028476862521496756
0.3041022647281461,0.30307884471862956,0.004558154966996064
0.2688744712310031,0.27603065105455743,0.0029741202777711084
0.1008606926275327,0.10648656192620158,0.00266507100054193
0.1866111672569693,0.19292110215564864,0.009311336319672344
0.2323123521964217,0.2272209152612869,0.00740671466574544
0.2056478964639663,0.2037236129956766,0.0051431952449726885
0.2285096008021704,0.2287725723573219,0.0036091552331337694
0.0210959887314002,0.029344626702777533,0.006424578347779009
0.1624119983038928,0.16524704350647806,0.008507733575718934
0.0795863100575617,0.0731827954927808,0.006475096994343384
0.4473292893853685,0.44939919682109475,0.006763398086885536
0.0644181374415296,0.0552877458236251,0.0031392705401470894
0.2395114042069552,0.2402437588348109,0.009175515868431641
0.184743789680658,0.18528078501118564,0.0034893967371357193
0.4314891783938281,0.4277400216805359,0.004799442137416386
0.281154487280942,0.2774318720321819,0.0057851174458530405
0.324865729560784,0.3266013346313256,0.004386971212528275
0.3581814763786731,0.35830209775737715,0.0026811628149137623
0.1212299755743235,0.12299656216298319,0.004012626850740942
0.1155649988018235,0.1142896106881947,0.004843873552101431
0.2924261196351705,0.29622840957181795,0.004217766927675003
0.4182105407541389,0.41722990745731303,0.0035216581548630343
0.1920255987146721,0.1923628476517912,0.0037000690647077347
0.2190544991980426,0.21456627079745577,0.009229839550384927
0.3262432410698841,0.32599807279181553,0.006395117388690603
0.2279913462355998,0.228783538860663,0.005773124045804441
0.108945111866577,0.1159732106741054,0.0025622619425105003
0.1441244087658058,0.14065457471033593,0.004922365292816574
0.0359834619838586,0.04103080347395401,0.005612933848194927
0.0674983199389609,0.0750166328691648,0.005649083411587375
0.2150301780881428,0.20375937327684196,0.007678624421515307
0.2732077577914353,0.27347909790656666,0.004621327329117762
0.1974280801730789,0.19299529081492947,0.016150327985136485
0.2222624934993557,0.21982226573207714,0.005692634766267916
0.1610649884005933,0.16175873879903496,0.005005142120390285
0.1630886172141352,0.16688793815768097,0.004019370395887775
0.1753444348594395,0.1706050227207963,0.00527699319390894
0.3846669829389705,0.3839221127964402,0.003746997626288416
0.2579168413654332,0.2603429171317967,0.004663969946009013
0.1485601738704636,0.1477868237102733,0.0047151427132152346
0.2746871556068488,0.26661282905630485,0.00750535934749135
0.28406832956781,0.2850282278291449,0.005593276525777162
0.2368675610462868,0.2402755973609593,0.003178370196420958
0.3321585116937198,0.33440862425108736,0.0027052610063000243
0.0237692466173732,0.023110354429071264,0.011286676299171228
0.0746158030811392,0.07700407601377404,0.002851397735253493
0.2574596662147135,0.25910230417174984,0.0019309346949303466
0.0300932467836207,0.037228650927415695,0.007841375471463527
0.1730556778383293,0.17910486375499968,0.0037073645924003027
0.0487776841643273,0.05674167315326245,0.0034110999108459615
0.2631503722906524,0.26148151159434513,0.004310824908133097
0.2264692043673393,0.2276823883506774,0.002338670794546463
0.2439482909790657,0.2355409580499596,0.004009580067536493
0.2803615351723551,0.2781811919271401,0.004794162284526066
0.0582987225105047,0.05302451735983793,0.01079592177570002
0.273293597601078,0.23266281787960344,0.03504518214446541
0.1038471201212196,0.10085104271094107,0.0020335161782132545
0.1475815782986587,0.14527433419181604,0.0033179271598774945
0.2496291654383337,0.25099059740650775,0.0042945055721746814
0.1185431271475428,0.24593934790180522,0.03883965197515833
0.0838966501559659,0.08160915370525385,0.005483892939043874
0.0485852256089432,0.04939446837953383,0.004104294934128734
0.0902501968928715,0.09289563689416211,0.005568161289329357
0.3053034559731667,0.30553977198944954,0.002218684315350401
0.2391058095086862,0.23798607051769333,0.004979610216033917
0.2913769032648594,0.2912123524530824,0.00416889478116339
0.3230181929939603,0.3203834132810128,0.007898646503633625
0.2351051785192075,0.23030009334254126,0.004737006021442539
0.0347314800271576,0.03809817832497483,0.006240646475284138
0.0852444695283633,0.08306216622937224,0.00833399029586846
0.0653530961225687,0.0652853899115716,0.00672927003884518
0.2294652472224179,0.23326249340042166,0.010299404203263017
0.233524371397559,0.23211765436241677,0.0031923704782651167
0.4444221024041553,0.4410575151093349,0.0037165174772455763
0.2513292611913602,0.25101365139594656,0.0042375204839618505
0.143302921106088,0.14500068045264214,0.007941184627869613
0.2859525600012683,0.287126773188431,0.004365011888236815
0.1976752898593484,0.19851622414818143,0.003411273605944096
0.1676724686638728,0.17079731177106877,0.011488903154149868
0.0970776515420039,0.09605164628083829,0.0031800382282845176
0.2472699608093037,0.24248892873094832,0.0037291474226093108
0.1335575373481537,0.2358409824022611,0.031861192941905266
0.4014554031543553,0.3971893882127951,0.006183330396664497
0.1733455147978181,0.1729978995395839,0.0033383655032444615
0.0827473416566153,0.08536728990773365,0.0024990828711444757
0.1212307250598258,0.11922592649069755,0.002728322571344102
0.0691282030075468,0.06353976873378155,0.009264551747662662
0.3526116836211382,0.35201894822646684,0.004113847093943867
0.197655745217235,0.19155868193667075,0.0041921432213299055
0.1406594498779209,0.14621176891545234,0.004316581199417276
0.2355315699604107,0.23209913373998092,0.0024357919480705354
0.3484161298273999,0.35013783264240167,0.0064004966802805015
0.2024398400781115,0.2027761377217129,0.006376821762970102
0.0653639782564329,0.06866685130396184,0.0028206044287718973
0.3312070655097035,0.32662253087063775,0.006338860638904087
0.2431611721756283,0.24376875264336126,0.005015072101775472
0.1461581048525559,0.14811619658913802,0.0017962618565044112
0.2162398526100582,0.2161942248439726,0.003200183976221865
0.3292544647121021,0.33154175953721166,0.003958254446827332
0.3428617405564936,0.34128043527545726,0.004220392799176612
0.2242527029875492,0.22299074730534024,0.004058304682663833
0.3120250371834043,0.31348707302151246,0.002714482427841865
0.3203695276677278,0.3213997522902462,0.00662281504497323
0.032544130488203,0.03431388806303348,0.004706430014742395
0.0252915658437255,0.03016778727824717,0.009407917226445964
0.089907032178764,0.09387967896180605,0.005203160596376526
0.1747455847181456,0.17154016153902535,0.009622823192799395
0.0944723064234331,0.09598972098880845,0.00590691352720201
0.1644197430782897,0.16729092663217396,0.006015262819208217
0.2299774308274561,0.22977316744180123,0.007345726824783112
0.1083370579228201,0.10818082051307794,0.003049316908511225
0.0947687448630787,0.09075556677348247,0.004277827524476533
0.1191449857105155,0.11831669826452007,0.0047175338760929416
0.2142504229657425,0.21843710642272268,0.0038975673937336995
0.0764438031068728,0.06362190173019923,0.0044069941817295654
0.2745032568426419,0.2770379520000594,0.005742961871391349
0.0601368870130001,0.059714352488420816,0.006162395623333623
0.1712485218342121,0.1701051652763676,0.00726514449223186
0.1698046734603369,0.17480495507439592,0.06434053864989422
0.0664365984662842,0.06560283422149862,0.011743465994289791
0.0905853172689993,0.08712654831347007,0.005744659915166836
0.0374255569760808,0.04915009758678283,0.009611814417251075
0.280102480986904,0.28208829254569034,0.002156583383147604
0.1494430285812774,0.15458041553502488,0.014685316546900733
0.0852242099349021,0.07750678377553706,0.005931967030204266
0.3547350812411263,0.35029470166974047,0.00433016398401822
